wallet_id,customer_id
100000001,AN-C000001
100000002,AN-C000002
100000003,AN-C000003
100000004,AN-C000004
100000005,AN-C000005
100000006,AN-C000006
100000007,AN-C000007
100000008,AN-C000008
100000009,AN-C000009
100000010,AN-C000010
100000011,AN-C000011
100000012,AN-C000012
100000013,AN-C000013
100000014,AN-C000014
100000015,AN-C000015
100000016,AN-C000016
100000017,AN-C000017
100000018,AN-C000018
100000019,AN-C000019
100000020,AN-C000020
100000021,AN-C000021
100000022,AN-C000022
100000023,AN-C000023
100000024,AN-C000024
100000025,AN-C000025
100000026,AN-C000026
100000027,AN-C000027
100000028,AN-C000028
100000029,AN-C000029
100000030,AN-C000030
100000031,AN-C000031
100000032,AN-C000032
100000033,AN-C000033
100000034,AN-C000034
100000035,AN-C000035
100000036,AN-C000036
100000037,AN-C000037
100000038,AN-C000038
100000039,AN-C000039
100000040,AN-C000040
100000041,AN-C000041
100000042,AN-C000042
100000043,AN-C000043
100000044,AN-C000044
100000045,AN-C000045
100000046,AN-C000046
100000047,AN-C000047
100000048,AN-C000048
100000049,AN-C000049
100000050,AN-C000050
100000051,AN-C000051
100000052,AN-C000052
100000053,AN-C000053
100000054,AN-C000054
100000055,AN-C000055
100000056,AN-C000056
100000057,AN-C000057
100000058,AN-C000058
100000059,AN-C000059
100000060,AN-C000060
100000061,AN-C000061
100000062,AN-C000062
100000063,AN-C000063
100000064,AN-C000064
100000065,AN-C000065
100000066,AN-C000066
100000067,AN-C000067
100000068,AN-C000068
100000069,AN-C000069
100000070,AN-C000070
100000071,AN-C000071
100000072,AN-C000072
100000073,AN-C000073
100000074,AN-C000074
100000075,AN-C000075
100000076,AN-C000076
100000077,AN-C000077
100000078,AN-C000078
100000079,AN-C000079
100000080,AN-C000080
100000081,AN-C000081
100000082,AN-C000082
100000083,AN-C000083
100000084,AN-C000084
100000085,AN-C000085
100000086,AN-C000086
100000087,AN-C000087
100000088,AN-C000088
100000089,AN-C000089
100000090,AN-C000090
100000091,AN-C000091
100000092,AN-C000092
100000093,AN-C000093
100000094,AN-C000094
100000095,AN-C000095
100000096,AN-C000096
100000097,AN-C000097
100000098,AN-C000098
100000099,AN-C000099
100000100,AN-C000100
100000101,AN-C000101
100000102,AN-C000102
100000103,AN-C000103
100000104,AN-C000104
100000105,AN-C000105
100000106,AN-C000106
100000107,AN-C000107
100000108,AN-C000108
100000109,AN-C000109
100000110,AN-C000110
100000111,AN-C000111
100000112,AN-C000112
100000113,AN-C000113
100000114,AN-C000114
100000115,AN-C000115
100000116,AN-C000116
100000117,AN-C000117
100000118,AN-C000118
100000119,AN-C000119
100000120,AN-C000120
100000121,AN-C000121
100000122,AN-C000122
100000123,AN-C000123
100000124,AN-C000124
100000125,AN-C000125
100000126,AN-C000126
100000127,AN-C000127
100000128,AN-C000128
100000129,AN-C000129
100000130,AN-C000130
100000131,AN-C000131
100000132,AN-C000132
100000133,AN-C000133
100000134,AN-C000134
100000135,AN-C000135
100000136,AN-C000136
100000137,AN-C000137
100000138,AN-C000138
100000139,AN-C000139
100000140,AN-C000140
100000141,AN-C000141
100000142,AN-C000142
100000143,AN-C000143
100000144,AN-C000144
100000145,AN-C000145
100000146,AN-C000146
100000147,AN-C000147
100000148,AN-C000148
100000149,AN-C000149
100000150,AN-C000150
100000151,AN-C000151
100000152,AN-C000152
100000153,AN-C000153
100000154,AN-C000154
100000155,AN-C000155
100000156,AN-C000156
100000157,AN-C000157
100000158,AN-C000158
100000159,AN-C000159
100000160,AN-C000160
100000161,AN-C000161
100000162,AN-C000162
100000163,AN-C000163
100000164,AN-C000164
100000165,AN-C000165
100000166,AN-C000166
100000167,AN-C000167
100000168,AN-C000168
100000169,AN-C000169
100000170,AN-C000170
100000171,AN-C000171
100000172,AN-C000172
100000173,AN-C000173
100000174,AN-C000174
100000175,AN-C000175
100000176,AN-C000176
100000177,AN-C000177
100000178,AN-C000178
100000179,AN-C000179
100000180,AN-C000180
100000181,AN-C000181
100000182,AN-C000182
100000183,AN-C000183
100000184,AN-C000184
100000185,AN-C000185
100000186,AN-C000186
100000187,AN-C000187
100000188,AN-C000188
100000189,AN-C000189
100000190,AN-C000190
100000191,AN-C000191
100000192,AN-C000192
100000193,AN-C000193
100000194,AN-C000194
100000195,AN-C000195
100000196,AN-C000196
100000197,AN-C000197
100000198,AN-C000198
100000199,AN-C000199
100000200,AN-C000200
100000201,AN-C000201
100000202,AN-C000202
100000203,AN-C000203
100000204,AN-C000204
100000205,AN-C000205
100000206,AN-C000206
100000207,AN-C000207
100000208,AN-C000208
100000209,AN-C000209
100000210,AN-C000210
100000211,AN-C000211
100000212,AN-C000212
100000213,AN-C000213
100000214,AN-C000214
100000215,AN-C000215
100000216,AN-C000216
100000217,AN-C000217
100000218,AN-C000218
100000219,AN-C000219
100000220,AN-C000220
100000221,AN-C000221
100000222,AN-C000222
100000223,AN-C000223
100000224,AN-C000224
100000225,AN-C000225
100000226,AN-C000226
100000227,AN-C000227
100000228,AN-C000228
100000229,AN-C000229
100000230,AN-C000230
100000231,AN-C000231
100000232,AN-C000232
100000233,AN-C000233
100000234,AN-C000234
100000235,AN-C000235
100000236,AN-C000236
100000237,AN-C000237
100000238,AN-C000238
100000239,AN-C000239
100000240,AN-C000240
100000241,AN-C000241
100000242,AN-C000242
100000243,AN-C000243
100000244,AN-C000244
100000245,AN-C000245
100000246,AN-C000246
100000247,AN-C000247
100000248,AN-C000248
100000249,AN-C000249
100000250,AN-C000250
100000251,AN-C000251
100000252,AN-C000252
100000253,AN-C000253
100000254,AN-C000254
100000255,AN-C000255
100000256,AN-C000256
100000257,AN-C000257
100000258,AN-C000258
100000259,AN-C000259
100000260,AN-C000260
100000261,AN-C000261
100000262,AN-C000262
100000263,AN-C000263
100000264,AN-C000264
100000265,AN-C000265
100000266,AN-C000266
100000267,AN-C000267
100000268,AN-C000268
100000269,AN-C000269
100000270,AN-C000270
100000271,AN-C000271
100000272,AN-C000272
100000273,AN-C000273
100000274,AN-C000274
100000275,AN-C000275
100000276,AN-C000276
100000277,AN-C000277
100000278,AN-C000278
100000279,AN-C000279
100000280,AN-C000280
100000281,AN-C000281
100000282,AN-C000282
100000283,AN-C000283
100000284,AN-C000284
100000285,AN-C000285
100000286,AN-C000286
100000287,AN-C000287
100000288,AN-C000288
100000289,AN-C000289
100000290,AN-C000290
100000291,AN-C000291
100000292,AN-C000292
100000293,AN-C000293
100000294,AN-C000294
100000295,AN-C000295
100000296,AN-C000296
100000297,AN-C000297
100000298,AN-C000298
100000299,AN-C000299
100000300,AN-C000300
100000301,AN-C000301
100000302,AN-C000302
100000303,AN-C000303
100000304,AN-C000304
100000305,AN-C000305
100000306,AN-C000306
100000307,AN-C000307
100000308,AN-C000308
100000309,AN-C000309
100000310,AN-C000310
100000311,AN-C000311
100000312,AN-C000312
100000313,AN-C000313
100000314,AN-C000314
100000315,AN-C000315
100000316,AN-C000316
100000317,AN-C000317
100000318,AN-C000318
100000319,AN-C000319
100000320,AN-C000320
100000321,AN-C000321
100000322,AN-C000322
100000323,AN-C000323
100000324,AN-C000324
100000325,AN-C000325
100000326,AN-C000326
100000327,AN-C000327
100000328,AN-C000328
100000329,AN-C000329
100000330,AN-C000330
100000331,AN-C000331
100000332,AN-C000332
100000333,AN-C000333
100000334,AN-C000334
100000335,AN-C000335
100000336,AN-C000336
100000337,AN-C000337
100000338,AN-C000338
100000339,AN-C000339
100000340,AN-C000340
100000341,AN-C000341
100000342,AN-C000342
100000343,AN-C000343
100000344,AN-C000344
100000345,AN-C000345
100000346,AN-C000346
100000347,AN-C000347
100000348,AN-C000348
100000349,AN-C000349
100000350,AN-C000350
100000351,AN-C000351
100000352,AN-C000352
100000353,AN-C000353
100000354,AN-C000354
100000355,AN-C000355
100000356,AN-C000356
100000357,AN-C000357
100000358,AN-C000358
100000359,AN-C000359
100000360,AN-C000360
100000361,AN-C000361
100000362,AN-C000362
100000363,AN-C000363
100000364,AN-C000364
100000365,AN-C000365
100000366,AN-C000366
100000367,AN-C000367
100000368,AN-C000368
100000369,AN-C000369
100000370,AN-C000370
100000371,AN-C000371
100000372,AN-C000372
100000373,AN-C000373
100000374,AN-C000374
100000375,AN-C000375
100000376,AN-C000376
100000377,AN-C000377
100000378,AN-C000378
100000379,AN-C000379
100000380,AN-C000380
100000381,AN-C000381
100000382,AN-C000382
100000383,AN-C000383
100000384,AN-C000384
100000385,AN-C000385
100000386,AN-C000386
100000387,AN-C000387
100000388,AN-C000388
100000389,AN-C000389
100000390,AN-C000390
100000391,AN-C000391
100000392,AN-C000392
100000393,AN-C000393
100000394,AN-C000394
100000395,AN-C000395
100000396,AN-C000396
100000397,AN-C000397
100000398,AN-C000398
100000399,AN-C000399
100000400,AN-C000400
100000401,AN-C000401
100000402,AN-C000402
100000403,AN-C000403
100000404,AN-C000404
100000405,AN-C000405
100000406,AN-C000406
100000407,AN-C000407
100000408,AN-C000408
100000409,AN-C000409
100000410,AN-C000410
100000411,AN-C000411
100000412,AN-C000412
100000413,AN-C000413
100000414,AN-C000414
100000415,AN-C000415
100000416,AN-C000416
100000417,AN-C000417
100000418,AN-C000418
100000419,AN-C000419
100000420,AN-C000420
100000421,AN-C000421
100000422,AN-C000422
100000423,AN-C000423
100000424,AN-C000424
100000425,AN-C000425
100000426,AN-C000426
100000427,AN-C000427
100000428,AN-C000428
100000429,AN-C000429
100000430,AN-C000430
100000431,AN-C000431
100000432,AN-C000432
100000433,AN-C000433
100000434,AN-C000434
100000435,AN-C000435
100000436,AN-C000436
100000437,AN-C000437
100000438,AN-C000438
100000439,AN-C000439
100000440,AN-C000440
100000441,AN-C000441
100000442,AN-C000442
100000443,AN-C000443
100000444,AN-C000444
100000445,AN-C000445
100000446,AN-C000446
100000447,AN-C000447
100000448,AN-C000448
100000449,AN-C000449
100000450,AN-C000450
100000451,AN-C000451
100000452,AN-C000452
100000453,AN-C000453
100000454,AN-C000454
100000455,AN-C000455
100000456,AN-C000456
100000457,AN-C000457
100000458,AN-C000458
100000459,AN-C000459
100000460,AN-C000460
100000461,AN-C000461
100000462,AN-C000462
100000463,AN-C000463
100000464,AN-C000464
100000465,AN-C000465
100000466,AN-C000466
100000467,AN-C000467
100000468,AN-C000468
100000469,AN-C000469
100000470,AN-C000470
100000471,AN-C000471
100000472,AN-C000472
100000473,AN-C000473
100000474,AN-C000474
100000475,AN-C000475
100000476,AN-C000476
100000477,AN-C000477
100000478,AN-C000478
100000479,AN-C000479
100000480,AN-C000480
100000481,AN-C000481
100000482,AN-C000482
100000483,AN-C000483
100000484,AN-C000484
100000485,AN-C000485
100000486,AN-C000486
100000487,AN-C000487
100000488,AN-C000488
100000489,AN-C000489
100000490,AN-C000490
100000491,AN-C000491
100000492,AN-C000492
100000493,AN-C000493
100000494,AN-C000494
100000495,AN-C000495
100000496,AN-C000496
100000497,AN-C000497
100000498,AN-C000498
100000499,AN-C000499
100000500,AN-C000500
100000501,AN-C000501
100000502,AN-C000502
100000503,AN-C000503
100000504,AN-C000504
100000505,AN-C000505
100000506,AN-C000506
100000507,AN-C000507
100000508,AN-C000508
100000509,AN-C000509
100000510,AN-C000510
100000511,AN-C000511
100000512,AN-C000512
100000513,AN-C000513
100000514,AN-C000514
100000515,AN-C000515
100000516,AN-C000516
100000517,AN-C000517
100000518,AN-C000518
100000519,AN-C000519
100000520,AN-C000520
100000521,AN-C000521
100000522,AN-C000522
100000523,AN-C000523
100000524,AN-C000524
100000525,AN-C000525
100000526,AN-C000526
100000527,AN-C000527
100000528,AN-C000528
100000529,AN-C000529
100000530,AN-C000530
100000531,AN-C000531
100000532,AN-C000532
100000533,AN-C000533
100000534,AN-C000534
100000535,AN-C000535
100000536,AN-C000536
100000537,AN-C000537
100000538,AN-C000538
100000539,AN-C000539
100000540,AN-C000540
100000541,AN-C000541
100000542,AN-C000542
100000543,AN-C000543
100000544,AN-C000544
100000545,AN-C000545
100000546,AN-C000546
100000547,AN-C000547
100000548,AN-C000548
100000549,AN-C000549
100000550,AN-C000550
100000551,AN-C000551
100000552,AN-C000552
100000553,AN-C000553
100000554,AN-C000554
100000555,AN-C000555
100000556,AN-C000556
100000557,AN-C000557
100000558,AN-C000558
100000559,AN-C000559
100000560,AN-C000560
100000561,AN-C000561
100000562,AN-C000562
100000563,AN-C000563
100000564,AN-C000564
100000565,AN-C000565
100000566,AN-C000566
100000567,AN-C000567
100000568,AN-C000568
100000569,AN-C000569
100000570,AN-C000570
100000571,AN-C000571
100000572,AN-C000572
100000573,AN-C000573
100000574,AN-C000574
100000575,AN-C000575
100000576,AN-C000576
100000577,AN-C000577
100000578,AN-C000578
100000579,AN-C000579
100000580,AN-C000580
100000581,AN-C000581
100000582,AN-C000582
100000583,AN-C000583
100000584,AN-C000584
100000585,AN-C000585
100000586,AN-C000586
100000587,AN-C000587
100000588,AN-C000588
100000589,AN-C000589
100000590,AN-C000590
100000591,AN-C000591
100000592,AN-C000592
100000593,AN-C000593
100000594,AN-C000594
100000595,AN-C000595
100000596,AN-C000596
100000597,AN-C000597
100000598,AN-C000598
100000599,AN-C000599
100000600,AN-C000600
100000601,AN-C000601
100000602,AN-C000602
100000603,AN-C000603
100000604,AN-C000604
100000605,AN-C000605
100000606,AN-C000606
100000607,AN-C000607
100000608,AN-C000608
100000609,AN-C000609
100000610,AN-C000610
100000611,AN-C000611
100000612,AN-C000612
100000613,AN-C000613
100000614,AN-C000614
100000615,AN-C000615
100000616,AN-C000616
100000617,AN-C000617
100000618,AN-C000618
100000619,AN-C000619
100000620,AN-C000620
100000621,AN-C000621
100000622,AN-C000622
100000623,AN-C000623
100000624,AN-C000624
100000625,AN-C000625
100000626,AN-C000626
100000627,AN-C000627
100000628,AN-C000628
100000629,AN-C000629
100000630,AN-C000630
100000631,AN-C000631
100000632,AN-C000632
100000633,AN-C000633
100000634,AN-C000634
100000635,AN-C000635
100000636,AN-C000636
100000637,AN-C000637
100000638,AN-C000638
100000639,AN-C000639
100000640,AN-C000640
100000641,AN-C000641
100000642,AN-C000642
100000643,AN-C000643
100000644,AN-C000644
100000645,AN-C000645
100000646,AN-C000646
100000647,AN-C000647
100000648,AN-C000648
100000649,AN-C000649
100000650,AN-C000650
100000651,AN-C000651
100000652,AN-C000652
100000653,AN-C000653
100000654,AN-C000654
100000655,AN-C000655
100000656,AN-C000656
100000657,AN-C000657
100000658,AN-C000658
100000659,AN-C000659
100000660,AN-C000660
100000661,AN-C000661
100000662,AN-C000662
100000663,AN-C000663
100000664,AN-C000664
100000665,AN-C000665
100000666,AN-C000666
100000667,AN-C000667
100000668,AN-C000668
100000669,AN-C000669
100000670,AN-C000670
100000671,AN-C000671
100000672,AN-C000672
100000673,AN-C000673
100000674,AN-C000674
100000675,AN-C000675
100000676,AN-C000676
100000677,AN-C000677
100000678,AN-C000678
100000679,AN-C000679
100000680,AN-C000680
100000681,AN-C000681
100000682,AN-C000682
100000683,AN-C000683
100000684,AN-C000684
100000685,AN-C000685
100000686,AN-C000686
100000687,AN-C000687
100000688,AN-C000688
100000689,AN-C000689
100000690,AN-C000690
100000691,AN-C000691
100000692,AN-C000692
100000693,AN-C000693
100000694,AN-C000694
100000695,AN-C000695
100000696,AN-C000696
100000697,AN-C000697
100000698,AN-C000698
100000699,AN-C000699
100000700,AN-C000700
100000701,AN-C000701
100000702,AN-C000702
100000703,AN-C000703
100000704,AN-C000704
100000705,AN-C000705
100000706,AN-C000706
100000707,AN-C000707
100000708,AN-C000708
100000709,AN-C000709
100000710,AN-C000710
100000711,AN-C000711
100000712,AN-C000712
100000713,AN-C000713
100000714,AN-C000714
100000715,AN-C000715
100000716,AN-C000716
100000717,AN-C000717
100000718,AN-C000718
100000719,AN-C000719
100000720,AN-C000720
100000721,AN-C000721
100000722,AN-C000722
100000723,AN-C000723
100000724,AN-C000724
100000725,AN-C000725
100000726,AN-C000726
100000727,AN-C000727
100000728,AN-C000728
100000729,AN-C000729
100000730,AN-C000730
100000731,AN-C000731
100000732,AN-C000732
100000733,AN-C000733
100000734,AN-C000734
100000735,AN-C000735
100000736,AN-C000736
100000737,AN-C000737
100000738,AN-C000738
100000739,AN-C000739
100000740,AN-C000740
100000741,AN-C000741
100000742,AN-C000742
100000743,AN-C000743
100000744,AN-C000744
100000745,AN-C000745
100000746,AN-C000746
100000747,AN-C000747
100000748,AN-C000748
100000749,AN-C000749
100000750,AN-C000750
100000751,AN-C000751
100000752,AN-C000752
100000753,AN-C000753
100000754,AN-C000754
100000755,AN-C000755
100000756,AN-C000756
100000757,AN-C000757
100000758,AN-C000758
100000759,AN-C000759
100000760,AN-C000760
100000761,AN-C000761
100000762,AN-C000762
100000763,AN-C000763
100000764,AN-C000764
100000765,AN-C000765
100000766,AN-C000766
100000767,AN-C000767
100000768,AN-C000768
100000769,AN-C000769
100000770,AN-C000770
100000771,AN-C000771
100000772,AN-C000772
100000773,AN-C000773
100000774,AN-C000774
100000775,AN-C000775
100000776,AN-C000776
100000777,AN-C000777
100000778,AN-C000778
100000779,AN-C000779
100000780,AN-C000780
100000781,AN-C000781
100000782,AN-C000782
100000783,AN-C000783
100000784,AN-C000784
100000785,AN-C000785
100000786,AN-C000786
100000787,AN-C000787
100000788,AN-C000788
100000789,AN-C000789
100000790,AN-C000790
100000791,AN-C000791
100000792,AN-C000792
100000793,AN-C000793
100000794,AN-C000794
100000795,AN-C000795
100000796,AN-C000796
100000797,AN-C000797
100000798,AN-C000798
100000799,AN-C000799
100000800,AN-C000800
100000801,AN-C000801
100000802,AN-C000802
100000803,AN-C000803
100000804,AN-C000804
100000805,AN-C000805
100000806,AN-C000806
100000807,AN-C000807
100000808,AN-C000808
100000809,AN-C000809
100000810,AN-C000810
100000811,AN-C000811
100000812,AN-C000812
100000813,AN-C000813
100000814,AN-C000814
100000815,AN-C000815
100000816,AN-C000816
100000817,AN-C000817
100000818,AN-C000818
100000819,AN-C000819
100000820,AN-C000820
100000821,AN-C000821
100000822,AN-C000822
100000823,AN-C000823
100000824,AN-C000824
100000825,AN-C000825
100000826,AN-C000826
100000827,AN-C000827
100000828,AN-C000828
100000829,AN-C000829
100000830,AN-C000830
100000831,AN-C000831
100000832,AN-C000832
100000833,AN-C000833
100000834,AN-C000834
100000835,AN-C000835
100000836,AN-C000836
100000837,AN-C000837
100000838,AN-C000838
100000839,AN-C000839
100000840,AN-C000840
100000841,AN-C000841
100000842,AN-C000842
100000843,AN-C000843
100000844,AN-C000844
100000845,AN-C000845
100000846,AN-C000846
100000847,AN-C000847
100000848,AN-C000848
100000849,AN-C000849
100000850,AN-C000850
100000851,AN-C000851
100000852,AN-C000852
100000853,AN-C000853
100000854,AN-C000854
100000855,AN-C000855
100000856,AN-C000856
100000857,AN-C000857
100000858,AN-C000858
100000859,AN-C000859
100000860,AN-C000860
100000861,AN-C000861
100000862,AN-C000862
100000863,AN-C000863
100000864,AN-C000864
100000865,AN-C000865
100000866,AN-C000866
100000867,AN-C000867
100000868,AN-C000868
100000869,AN-C000869
100000870,AN-C000870
100000871,AN-C000871
100000872,AN-C000872
100000873,AN-C000873
100000874,AN-C000874
100000875,AN-C000875
100000876,AN-C000876
100000877,AN-C000877
100000878,AN-C000878
100000879,AN-C000879
100000880,AN-C000880
100000881,AN-C000881
100000882,AN-C000882
100000883,AN-C000883
100000884,AN-C000884
100000885,AN-C000885
100000886,AN-C000886
100000887,AN-C000887
100000888,AN-C000888
100000889,AN-C000889
100000890,AN-C000890
100000891,AN-C000891
100000892,AN-C000892
100000893,AN-C000893
100000894,AN-C000894
100000895,AN-C000895
100000896,AN-C000896
100000897,AN-C000897
100000898,AN-C000898
100000899,AN-C000899
100000900,AN-C000900
100000901,AN-C000901
100000902,AN-C000902
100000903,AN-C000903
100000904,AN-C000904
100000905,AN-C000905
100000906,AN-C000906
100000907,AN-C000907
100000908,AN-C000908
100000909,AN-C000909
100000910,AN-C000910
100000911,AN-C000911
100000912,AN-C000912
100000913,AN-C000913
100000914,AN-C000914
100000915,AN-C000915
100000916,AN-C000916
100000917,AN-C000917
100000918,AN-C000918
100000919,AN-C000919
100000920,AN-C000920
100000921,AN-C000921
100000922,AN-C000922
100000923,AN-C000923
100000924,AN-C000924
100000925,AN-C000925
100000926,AN-C000926
100000927,AN-C000927
100000928,AN-C000928
100000929,AN-C000929
100000930,AN-C000930
100000931,AN-C000931
100000932,AN-C000932
100000933,AN-C000933
100000934,AN-C000934
100000935,AN-C000935
100000936,AN-C000936
100000937,AN-C000937
100000938,AN-C000938
100000939,AN-C000939
100000940,AN-C000940
100000941,AN-C000941
100000942,AN-C000942
100000943,AN-C000943
100000944,AN-C000944
100000945,AN-C000945
100000946,AN-C000946
100000947,AN-C000947
100000948,AN-C000948
100000949,AN-C000949
100000950,AN-C000950
100000951,AN-C000951
100000952,AN-C000952
100000953,AN-C000953
100000954,AN-C000954
100000955,AN-C000955
100000956,AN-C000956
100000957,AN-C000957
100000958,AN-C000958
100000959,AN-C000959
100000960,AN-C000960
100000961,AN-C000961
100000962,AN-C000962
100000963,AN-C000963
100000964,AN-C000964
100000965,AN-C000965
100000966,AN-C000966
100000967,AN-C000967
100000968,AN-C000968
100000969,AN-C000969
100000970,AN-C000970
100000971,AN-C000971
100000972,AN-C000972
100000973,AN-C000973
100000974,AN-C000974
100000975,AN-C000975
100000976,AN-C000976
100000977,AN-C000977
100000978,AN-C000978
100000979,AN-C000979
100000980,AN-C000980
100000981,AN-C000981
100000982,AN-C000982
100000983,AN-C000983
100000984,AN-C000984
100000985,AN-C000985
100000986,AN-C000986
100000987,AN-C000987
100000988,AN-C000988
100000989,AN-C000989
100000990,AN-C000990
100000991,AN-C000991
100000992,AN-C000992
100000993,AN-C000993
100000994,AN-C000994
100000995,AN-C000995
100000996,AN-C000996
100000997,AN-C000997
100000998,AN-C000998
100000999,AN-C000999
100001000,AN-C001000
100001001,AN-C001001
100001002,AN-C001002
100001003,AN-C001003
100001004,AN-C001004
100001005,AN-C001005
100001006,AN-C001006
100001007,AN-C001007
100001008,AN-C001008
100001009,AN-C001009
100001010,AN-C001010
100001011,AN-C001011
100001012,AN-C001012
100001013,AN-C001013
100001014,AN-C001014
100001015,AN-C001015
100001016,AN-C001016
100001017,AN-C001017
100001018,AN-C001018
100001019,AN-C001019
100001020,AN-C001020
100001021,AN-C001021
100001022,AN-C001022
100001023,AN-C001023
100001024,AN-C001024
100001025,AN-C001025
100001026,AN-C001026
100001027,AN-C001027
100001028,AN-C001028
100001029,AN-C001029
100001030,AN-C001030
100001031,AN-C001031
100001032,AN-C001032
100001033,AN-C001033
100001034,AN-C001034
100001035,AN-C001035
100001036,AN-C001036
100001037,AN-C001037
100001038,AN-C001038
100001039,AN-C001039
100001040,AN-C001040
100001041,AN-C001041
100001042,AN-C001042
100001043,AN-C001043
100001044,AN-C001044
100001045,AN-C001045
100001046,AN-C001046
100001047,AN-C001047
100001048,AN-C001048
100001049,AN-C001049
100001050,AN-C001050
100001051,AN-C001051
100001052,AN-C001052
100001053,AN-C001053
100001054,AN-C001054
100001055,AN-C001055
100001056,AN-C001056
100001057,AN-C001057
100001058,AN-C001058
100001059,AN-C001059
100001060,AN-C001060
100001061,AN-C001061
100001062,AN-C001062
100001063,AN-C001063
100001064,AN-C001064
100001065,AN-C001065
100001066,AN-C001066
100001067,AN-C001067
100001068,AN-C001068
100001069,AN-C001069
100001070,AN-C001070
100001071,AN-C001071
100001072,AN-C001072
100001073,AN-C001073
100001074,AN-C001074
100001075,AN-C001075
100001076,AN-C001076
100001077,AN-C001077
100001078,AN-C001078
100001079,AN-C001079
100001080,AN-C001080
100001081,AN-C001081
100001082,AN-C001082
100001083,AN-C001083
100001084,AN-C001084
100001085,AN-C001085
100001086,AN-C001086
100001087,AN-C001087
100001088,AN-C001088
100001089,AN-C001089
100001090,AN-C001090
100001091,AN-C001091
100001092,AN-C001092
100001093,AN-C001093
100001094,AN-C001094
100001095,AN-C001095
100001096,AN-C001096
100001097,AN-C001097
100001098,AN-C001098
100001099,AN-C001099
100001100,AN-C001100
100001101,AN-C001101
100001102,AN-C001102
100001103,AN-C001103
100001104,AN-C001104
100001105,AN-C001105
100001106,AN-C001106
100001107,AN-C001107
100001108,AN-C001108
100001109,AN-C001109
100001110,AN-C001110
100001111,AN-C001111
100001112,AN-C001112
100001113,AN-C001113
100001114,AN-C001114
100001115,AN-C001115
100001116,AN-C001116
100001117,AN-C001117
100001118,AN-C001118
100001119,AN-C001119
100001120,AN-C001120
100001121,AN-C001121
100001122,AN-C001122
100001123,AN-C001123
100001124,AN-C001124
100001125,AN-C001125
100001126,AN-C001126
100001127,AN-C001127
100001128,AN-C001128
100001129,AN-C001129
100001130,AN-C001130
100001131,AN-C001131
100001132,AN-C001132
100001133,AN-C001133
100001134,AN-C001134
100001135,AN-C001135
100001136,AN-C001136
100001137,AN-C001137
100001138,AN-C001138
100001139,AN-C001139
100001140,AN-C001140
100001141,AN-C001141
100001142,AN-C001142
100001143,AN-C001143
100001144,AN-C001144
100001145,AN-C001145
100001146,AN-C001146
100001147,AN-C001147
100001148,AN-C001148
100001149,AN-C001149
100001150,AN-C001150
100001151,AN-C001151
100001152,AN-C001152
100001153,AN-C001153
100001154,AN-C001154
100001155,AN-C001155
100001156,AN-C001156
100001157,AN-C001157
100001158,AN-C001158
100001159,AN-C001159
100001160,AN-C001160
100001161,AN-C001161
100001162,AN-C001162
100001163,AN-C001163
100001164,AN-C001164
100001165,AN-C001165
100001166,AN-C001166
100001167,AN-C001167
100001168,AN-C001168
100001169,AN-C001169
100001170,AN-C001170
100001171,AN-C001171
100001172,AN-C001172
100001173,AN-C001173
100001174,AN-C001174
100001175,AN-C001175
100001176,AN-C001176
100001177,AN-C001177
100001178,AN-C001178
100001179,AN-C001179
100001180,AN-C001180
100001181,AN-C001181
100001182,AN-C001182
100001183,AN-C001183
100001184,AN-C001184
100001185,AN-C001185
100001186,AN-C001186
100001187,AN-C001187
100001188,AN-C001188
100001189,AN-C001189
100001190,AN-C001190
100001191,AN-C001191
100001192,AN-C001192
100001193,AN-C001193
100001194,AN-C001194
100001195,AN-C001195
100001196,AN-C001196
100001197,AN-C001197
100001198,AN-C001198
100001199,AN-C001199
100001200,AN-C001200
100001201,AN-C001201
100001202,AN-C001202
100001203,AN-C001203
100001204,AN-C001204
100001205,AN-C001205
100001206,AN-C001206
100001207,AN-C001207
100001208,AN-C001208
100001209,AN-C001209
100001210,AN-C001210
100001211,AN-C001211
100001212,AN-C001212
100001213,AN-C001213
100001214,AN-C001214
100001215,AN-C001215
100001216,AN-C001216
100001217,AN-C001217
100001218,AN-C001218
100001219,AN-C001219
100001220,AN-C001220
100001221,AN-C001221
100001222,AN-C001222
100001223,AN-C001223
100001224,AN-C001224
100001225,AN-C001225
100001226,AN-C001226
100001227,AN-C001227
100001228,AN-C001228
100001229,AN-C001229
100001230,AN-C001230
100001231,AN-C001231
100001232,AN-C001232
100001233,AN-C001233
100001234,AN-C001234
100001235,AN-C001235
100001236,AN-C001236
100001237,AN-C001237
100001238,AN-C001238
100001239,AN-C001239
100001240,AN-C001240
100001241,AN-C001241
100001242,AN-C001242
100001243,AN-C001243
100001244,AN-C001244
100001245,AN-C001245
100001246,AN-C001246
100001247,AN-C001247
100001248,AN-C001248
100001249,AN-C001249
100001250,AN-C001250
100001251,AN-C001251
100001252,AN-C001252
100001253,AN-C001253
100001254,AN-C001254
100001255,AN-C001255
100001256,AN-C001256
100001257,AN-C001257
100001258,AN-C001258
100001259,AN-C001259
100001260,AN-C001260
100001261,AN-C001261
100001262,AN-C001262
100001263,AN-C001263
100001264,AN-C001264
100001265,AN-C001265
100001266,AN-C001266
100001267,AN-C001267
100001268,AN-C001268
100001269,AN-C001269
100001270,AN-C001270
100001271,AN-C001271
100001272,AN-C001272
100001273,AN-C001273
100001274,AN-C001274
100001275,AN-C001275
100001276,AN-C001276
100001277,AN-C001277
100001278,AN-C001278
100001279,AN-C001279
100001280,AN-C001280
100001281,AN-C001281
100001282,AN-C001282
100001283,AN-C001283
100001284,AN-C001284
100001285,AN-C001285
100001286,AN-C001286
100001287,AN-C001287
100001288,AN-C001288
100001289,AN-C001289
100001290,AN-C001290
100001291,AN-C001291
100001292,AN-C001292
100001293,AN-C001293
100001294,AN-C001294
100001295,AN-C001295
100001296,AN-C001296
100001297,AN-C001297
100001298,AN-C001298
100001299,AN-C001299
100001300,AN-C001300
100001301,AN-C001301
100001302,AN-C001302
100001303,AN-C001303
100001304,AN-C001304
100001305,AN-C001305
100001306,AN-C001306
100001307,AN-C001307
100001308,AN-C001308
100001309,AN-C001309
100001310,AN-C001310
100001311,AN-C001311
100001312,AN-C001312
100001313,AN-C001313
100001314,AN-C001314
100001315,AN-C001315
100001316,AN-C001316
100001317,AN-C001317
100001318,AN-C001318
100001319,AN-C001319
100001320,AN-C001320
100001321,AN-C001321
100001322,AN-C001322
100001323,AN-C001323
100001324,AN-C001324
100001325,AN-C001325
100001326,AN-C001326
100001327,AN-C001327
100001328,AN-C001328
100001329,AN-C001329
100001330,AN-C001330
100001331,AN-C001331
100001332,AN-C001332
100001333,AN-C001333
100001334,AN-C001334
100001335,AN-C001335
100001336,AN-C001336
100001337,AN-C001337
100001338,AN-C001338
100001339,AN-C001339
100001340,AN-C001340
100001341,AN-C001341
100001342,AN-C001342
100001343,AN-C001343
100001344,AN-C001344
100001345,AN-C001345
100001346,AN-C001346
100001347,AN-C001347
100001348,AN-C001348
100001349,AN-C001349
100001350,AN-C001350
100001351,AN-C001351
100001352,AN-C001352
100001353,AN-C001353
100001354,AN-C001354
100001355,AN-C001355
100001356,AN-C001356
100001357,AN-C001357
100001358,AN-C001358
100001359,AN-C001359
100001360,AN-C001360
100001361,AN-C001361
100001362,AN-C001362
100001363,AN-C001363
100001364,AN-C001364
100001365,AN-C001365
100001366,AN-C001366
100001367,AN-C001367
100001368,AN-C001368
100001369,AN-C001369
100001370,AN-C001370
100001371,AN-C001371
100001372,AN-C001372
100001373,AN-C001373
100001374,AN-C001374
100001375,AN-C001375
100001376,AN-C001376
100001377,AN-C001377
100001378,AN-C001378
100001379,AN-C001379
100001380,AN-C001380
100001381,AN-C001381
100001382,AN-C001382
100001383,AN-C001383
100001384,AN-C001384
100001385,AN-C001385
100001386,AN-C001386
100001387,AN-C001387
100001388,AN-C001388
100001389,AN-C001389
100001390,AN-C001390
100001391,AN-C001391
100001392,AN-C001392
100001393,AN-C001393
100001394,AN-C001394
100001395,AN-C001395
100001396,AN-C001396
100001397,AN-C001397
100001398,AN-C001398
100001399,AN-C001399
100001400,AN-C001400
100001401,AN-C001401
100001402,AN-C001402
100001403,AN-C001403
100001404,AN-C001404
100001405,AN-C001405
100001406,AN-C001406
100001407,AN-C001407
100001408,AN-C001408
100001409,AN-C001409
100001410,AN-C001410
100001411,AN-C001411
100001412,AN-C001412
100001413,AN-C001413
100001414,AN-C001414
100001415,AN-C001415
100001416,AN-C001416
100001417,AN-C001417
100001418,AN-C001418
100001419,AN-C001419
100001420,AN-C001420
100001421,AN-C001421
100001422,AN-C001422
100001423,AN-C001423
100001424,AN-C001424
100001425,AN-C001425
100001426,AN-C001426
100001427,AN-C001427
100001428,AN-C001428
100001429,AN-C001429
100001430,AN-C001430
100001431,AN-C001431
100001432,AN-C001432
100001433,AN-C001433
100001434,AN-C001434
100001435,AN-C001435
100001436,AN-C001436
100001437,AN-C001437
100001438,AN-C001438
100001439,AN-C001439
100001440,AN-C001440
100001441,AN-C001441
100001442,AN-C001442
100001443,AN-C001443
100001444,AN-C001444
100001445,AN-C001445
100001446,AN-C001446
100001447,AN-C001447
100001448,AN-C001448
100001449,AN-C001449
100001450,AN-C001450
100001451,AN-C001451
100001452,AN-C001452
100001453,AN-C001453
100001454,AN-C001454
100001455,AN-C001455
100001456,AN-C001456
100001457,AN-C001457
100001458,AN-C001458
100001459,AN-C001459
100001460,AN-C001460
100001461,AN-C001461
100001462,AN-C001462
100001463,AN-C001463
100001464,AN-C001464
100001465,AN-C001465
100001466,AN-C001466
100001467,AN-C001467
100001468,AN-C001468
100001469,AN-C001469
100001470,AN-C001470
100001471,AN-C001471
100001472,AN-C001472
100001473,AN-C001473
100001474,AN-C001474
100001475,AN-C001475
100001476,AN-C001476
100001477,AN-C001477
100001478,AN-C001478
100001479,AN-C001479
100001480,AN-C001480
100001481,AN-C001481
100001482,AN-C001482
100001483,AN-C001483
100001484,AN-C001484
100001485,AN-C001485
100001486,AN-C001486
100001487,AN-C001487
100001488,AN-C001488
100001489,AN-C001489
100001490,AN-C001490
100001491,AN-C001491
100001492,AN-C001492
100001493,AN-C001493
100001494,AN-C001494
100001495,AN-C001495
100001496,AN-C001496
100001497,AN-C001497
100001498,AN-C001498
100001499,AN-C001499
100001500,AN-C001500
100001501,AN-C001501
100001502,AN-C001502
100001503,AN-C001503
100001504,AN-C001504
100001505,AN-C001505
100001506,AN-C001506
100001507,AN-C001507
100001508,AN-C001508
100001509,AN-C001509
100001510,AN-C001510
100001511,AN-C001511
100001512,AN-C001512
100001513,AN-C001513
100001514,AN-C001514
100001515,AN-C001515
100001516,AN-C001516
100001517,AN-C001517
100001518,AN-C001518
100001519,AN-C001519
100001520,AN-C001520
100001521,AN-C001521
100001522,AN-C001522
100001523,AN-C001523
100001524,AN-C001524
100001525,AN-C001525
100001526,AN-C001526
100001527,AN-C001527
100001528,AN-C001528
100001529,AN-C001529
100001530,AN-C001530
100001531,AN-C001531
100001532,AN-C001532
100001533,AN-C001533
100001534,AN-C001534
100001535,AN-C001535
100001536,AN-C001536
100001537,AN-C001537
100001538,AN-C001538
100001539,AN-C001539
100001540,AN-C001540
100001541,AN-C001541
100001542,AN-C001542
100001543,AN-C001543
100001544,AN-C001544
100001545,AN-C001545
100001546,AN-C001546
100001547,AN-C001547
100001548,AN-C001548
100001549,AN-C001549
100001550,AN-C001550
100001551,AN-C001551
100001552,AN-C001552
100001553,AN-C001553
100001554,AN-C001554
100001555,AN-C001555
100001556,AN-C001556
100001557,AN-C001557
100001558,AN-C001558
100001559,AN-C001559
100001560,AN-C001560
100001561,AN-C001561
100001562,AN-C001562
100001563,AN-C001563
100001564,AN-C001564
100001565,AN-C001565
100001566,AN-C001566
100001567,AN-C001567
100001568,AN-C001568
100001569,AN-C001569
100001570,AN-C001570
100001571,AN-C001571
100001572,AN-C001572
100001573,AN-C001573
100001574,AN-C001574
100001575,AN-C001575
100001576,AN-C001576
100001577,AN-C001577
100001578,AN-C001578
100001579,AN-C001579
100001580,AN-C001580
100001581,AN-C001581
100001582,AN-C001582
100001583,AN-C001583
100001584,AN-C001584
100001585,AN-C001585
100001586,AN-C001586
100001587,AN-C001587
100001588,AN-C001588
100001589,AN-C001589
100001590,AN-C001590
100001591,AN-C001591
100001592,AN-C001592
100001593,AN-C001593
100001594,AN-C001594
100001595,AN-C001595
100001596,AN-C001596
100001597,AN-C001597
100001598,AN-C001598
100001599,AN-C001599
100001600,AN-C001600
100001601,AN-C001601
100001602,AN-C001602
100001603,AN-C001603
100001604,AN-C001604
100001605,AN-C001605
100001606,AN-C001606
100001607,AN-C001607
100001608,AN-C001608
100001609,AN-C001609
100001610,AN-C001610
100001611,AN-C001611
100001612,AN-C001612
100001613,AN-C001613
100001614,AN-C001614
100001615,AN-C001615
100001616,AN-C001616
100001617,AN-C001617
100001618,AN-C001618
100001619,AN-C001619
100001620,AN-C001620
100001621,AN-C001621
100001622,AN-C001622
100001623,AN-C001623
100001624,AN-C001624
100001625,AN-C001625
100001626,AN-C001626
100001627,AN-C001627
100001628,AN-C001628
100001629,AN-C001629
100001630,AN-C001630
100001631,AN-C001631
100001632,AN-C001632
100001633,AN-C001633
100001634,AN-C001634
100001635,AN-C001635
100001636,AN-C001636
100001637,AN-C001637
100001638,AN-C001638
100001639,AN-C001639
100001640,AN-C001640
100001641,AN-C001641
100001642,AN-C001642
100001643,AN-C001643
100001644,AN-C001644
100001645,AN-C001645
100001646,AN-C001646
100001647,AN-C001647
100001648,AN-C001648
100001649,AN-C001649
100001650,AN-C001650
100001651,AN-C001651
100001652,AN-C001652
100001653,AN-C001653
100001654,AN-C001654
100001655,AN-C001655
100001656,AN-C001656
100001657,AN-C001657
100001658,AN-C001658
100001659,AN-C001659
100001660,AN-C001660
100001661,AN-C001661
100001662,AN-C001662
100001663,AN-C001663
100001664,AN-C001664
100001665,AN-C001665
100001666,AN-C001666
100001667,AN-C001667
100001668,AN-C001668
100001669,AN-C001669
100001670,AN-C001670
100001671,AN-C001671
100001672,AN-C001672
100001673,AN-C001673
100001674,AN-C001674
100001675,AN-C001675
100001676,AN-C001676
100001677,AN-C001677
100001678,AN-C001678
100001679,AN-C001679
100001680,AN-C001680
100001681,AN-C001681
100001682,AN-C001682
100001683,AN-C001683
100001684,AN-C001684
100001685,AN-C001685
100001686,AN-C001686
100001687,AN-C001687
100001688,AN-C001688
100001689,AN-C001689
100001690,AN-C001690
100001691,AN-C001691
100001692,AN-C001692
100001693,AN-C001693
100001694,AN-C001694
100001695,AN-C001695
100001696,AN-C001696
100001697,AN-C001697
100001698,AN-C001698
100001699,AN-C001699
100001700,AN-C001700
100001701,AN-C001701
100001702,AN-C001702
100001703,AN-C001703
100001704,AN-C001704
100001705,AN-C001705
100001706,AN-C001706
100001707,AN-C001707
100001708,AN-C001708
100001709,AN-C001709
100001710,AN-C001710
100001711,AN-C001711
100001712,AN-C001712
100001713,AN-C001713
100001714,AN-C001714
100001715,AN-C001715
100001716,AN-C001716
100001717,AN-C001717
100001718,AN-C001718
100001719,AN-C001719
100001720,AN-C001720
100001721,AN-C001721
100001722,AN-C001722
100001723,AN-C001723
100001724,AN-C001724
100001725,AN-C001725
100001726,AN-C001726
100001727,AN-C001727
100001728,AN-C001728
100001729,AN-C001729
100001730,AN-C001730
100001731,AN-C001731
100001732,AN-C001732
100001733,AN-C001733
100001734,AN-C001734
100001735,AN-C001735
100001736,AN-C001736
100001737,AN-C001737
100001738,AN-C001738
100001739,AN-C001739
100001740,AN-C001740
100001741,AN-C001741
100001742,AN-C001742
100001743,AN-C001743
100001744,AN-C001744
100001745,AN-C001745
100001746,AN-C001746
100001747,AN-C001747
100001748,AN-C001748
100001749,AN-C001749
100001750,AN-C001750
100001751,AN-C001751
100001752,AN-C001752
100001753,AN-C001753
100001754,AN-C001754
100001755,AN-C001755
100001756,AN-C001756
100001757,AN-C001757
100001758,AN-C001758
100001759,AN-C001759
100001760,AN-C001760
100001761,AN-C001761
100001762,AN-C001762
100001763,AN-C001763
100001764,AN-C001764
100001765,AN-C001765
100001766,AN-C001766
100001767,AN-C001767
100001768,AN-C001768
100001769,AN-C001769
100001770,AN-C001770
100001771,AN-C001771
100001772,AN-C001772
100001773,AN-C001773
100001774,AN-C001774
100001775,AN-C001775
100001776,AN-C001776
100001777,AN-C001777
100001778,AN-C001778
100001779,AN-C001779
100001780,AN-C001780
100001781,AN-C001781
100001782,AN-C001782
100001783,AN-C001783
100001784,AN-C001784
100001785,AN-C001785
100001786,AN-C001786
100001787,AN-C001787
100001788,AN-C001788
100001789,AN-C001789
100001790,AN-C001790
100001791,AN-C001791
100001792,AN-C001792
100001793,AN-C001793
100001794,AN-C001794
100001795,AN-C001795
100001796,AN-C001796
100001797,AN-C001797
100001798,AN-C001798
100001799,AN-C001799
100001800,AN-C001800
100001801,AN-C001801
100001802,AN-C001802
100001803,AN-C001803
100001804,AN-C001804
100001805,AN-C001805
100001806,AN-C001806
100001807,AN-C001807
100001808,AN-C001808
100001809,AN-C001809
100001810,AN-C001810
100001811,AN-C001811
100001812,AN-C001812
100001813,AN-C001813
100001814,AN-C001814
100001815,AN-C001815
100001816,AN-C001816
100001817,AN-C001817
100001818,AN-C001818
100001819,AN-C001819
100001820,AN-C001820
100001821,AN-C001821
100001822,AN-C001822
100001823,AN-C001823
100001824,AN-C001824
100001825,AN-C001825
100001826,AN-C001826
100001827,AN-C001827
100001828,AN-C001828
100001829,AN-C001829
100001830,AN-C001830
100001831,AN-C001831
100001832,AN-C001832
100001833,AN-C001833
100001834,AN-C001834
100001835,AN-C001835
100001836,AN-C001836
100001837,AN-C001837
100001838,AN-C001838
100001839,AN-C001839
100001840,AN-C001840
100001841,AN-C001841
100001842,AN-C001842
100001843,AN-C001843
100001844,AN-C001844
100001845,AN-C001845
100001846,AN-C001846
100001847,AN-C001847
100001848,AN-C001848
100001849,AN-C001849
100001850,AN-C001850
100001851,AN-C001851
100001852,AN-C001852
100001853,AN-C001853
100001854,AN-C001854
100001855,AN-C001855
100001856,AN-C001856
100001857,AN-C001857
100001858,AN-C001858
100001859,AN-C001859
100001860,AN-C001860
100001861,AN-C001861
100001862,AN-C001862
100001863,AN-C001863
100001864,AN-C001864
100001865,AN-C001865
100001866,AN-C001866
100001867,AN-C001867
100001868,AN-C001868
100001869,AN-C001869
100001870,AN-C001870
100001871,AN-C001871
100001872,AN-C001872
100001873,AN-C001873
100001874,AN-C001874
100001875,AN-C001875
100001876,AN-C001876
100001877,AN-C001877
100001878,AN-C001878
100001879,AN-C001879
100001880,AN-C001880
100001881,AN-C001881
100001882,AN-C001882
100001883,AN-C001883
100001884,AN-C001884
100001885,AN-C001885
100001886,AN-C001886
100001887,AN-C001887
100001888,AN-C001888
100001889,AN-C001889
100001890,AN-C001890
100001891,AN-C001891
100001892,AN-C001892
100001893,AN-C001893
100001894,AN-C001894
100001895,AN-C001895
100001896,AN-C001896
100001897,AN-C001897
100001898,AN-C001898
100001899,AN-C001899
100001900,AN-C001900
100001901,AN-C001901
100001902,AN-C001902
100001903,AN-C001903
100001904,AN-C001904
100001905,AN-C001905
100001906,AN-C001906
100001907,AN-C001907
100001908,AN-C001908
100001909,AN-C001909
100001910,AN-C001910
100001911,AN-C001911
100001912,AN-C001912
100001913,AN-C001913
100001914,AN-C001914
100001915,AN-C001915
100001916,AN-C001916
100001917,AN-C001917
100001918,AN-C001918
100001919,AN-C001919
100001920,AN-C001920
100001921,AN-C001921
100001922,AN-C001922
100001923,AN-C001923
100001924,AN-C001924
100001925,AN-C001925
100001926,AN-C001926
100001927,AN-C001927
100001928,AN-C001928
100001929,AN-C001929
100001930,AN-C001930
100001931,AN-C001931
100001932,AN-C001932
100001933,AN-C001933
100001934,AN-C001934
100001935,AN-C001935
100001936,AN-C001936
100001937,AN-C001937
100001938,AN-C001938
100001939,AN-C001939
100001940,AN-C001940
100001941,AN-C001941
100001942,AN-C001942
100001943,AN-C001943
100001944,AN-C001944
100001945,AN-C001945
100001946,AN-C001946
100001947,AN-C001947
100001948,AN-C001948
100001949,AN-C001949
100001950,AN-C001950
100001951,AN-C001951
100001952,AN-C001952
100001953,AN-C001953
100001954,AN-C001954
100001955,AN-C001955
100001956,AN-C001956
100001957,AN-C001957
100001958,AN-C001958
100001959,AN-C001959
100001960,AN-C001960
100001961,AN-C001961
100001962,AN-C001962
100001963,AN-C001963
100001964,AN-C001964
100001965,AN-C001965
100001966,AN-C001966
100001967,AN-C001967
100001968,AN-C001968
100001969,AN-C001969
100001970,AN-C001970
100001971,AN-C001971
100001972,AN-C001972
100001973,AN-C001973
100001974,AN-C001974
100001975,AN-C001975
100001976,AN-C001976
100001977,AN-C001977
100001978,AN-C001978
100001979,AN-C001979
100001980,AN-C001980
100001981,AN-C001981
100001982,AN-C001982
100001983,AN-C001983
100001984,AN-C001984
100001985,AN-C001985
100001986,AN-C001986
100001987,AN-C001987
100001988,AN-C001988
100001989,AN-C001989
100001990,AN-C001990
100001991,AN-C001991
100001992,AN-C001992
100001993,AN-C001993
100001994,AN-C001994
100001995,AN-C001995
100001996,AN-C001996
100001997,AN-C001997
100001998,AN-C001998
100001999,AN-C001999
100002000,AN-C002000
100002001,AN-C002001
100002002,AN-C002002
100002003,AN-C002003
100002004,AN-C002004
100002005,AN-C002005
100002006,AN-C002006
100002007,AN-C002007
100002008,AN-C002008
100002009,AN-C002009
100002010,AN-C002010
100002011,AN-C002011
100002012,AN-C002012
100002013,AN-C002013
100002014,AN-C002014
100002015,AN-C002015
100002016,AN-C002016
100002017,AN-C002017
100002018,AN-C002018
100002019,AN-C002019
100002020,AN-C002020
100002021,AN-C002021
100002022,AN-C002022
100002023,AN-C002023
100002024,AN-C002024
100002025,AN-C002025
100002026,AN-C002026
100002027,AN-C002027
100002028,AN-C002028
100002029,AN-C002029
100002030,AN-C002030
100002031,AN-C002031
100002032,AN-C002032
100002033,AN-C002033
100002034,AN-C002034
100002035,AN-C002035
100002036,AN-C002036
100002037,AN-C002037
100002038,AN-C002038
100002039,AN-C002039
100002040,AN-C002040
100002041,AN-C002041
100002042,AN-C002042
100002043,AN-C002043
100002044,AN-C002044
100002045,AN-C002045
100002046,AN-C002046
100002047,AN-C002047
100002048,AN-C002048
100002049,AN-C002049
100002050,AN-C002050
100002051,AN-C002051
100002052,AN-C002052
100002053,AN-C002053
100002054,AN-C002054
100002055,AN-C002055
100002056,AN-C002056
100002057,AN-C002057
100002058,AN-C002058
100002059,AN-C002059
100002060,AN-C002060
100002061,AN-C002061
100002062,AN-C002062
100002063,AN-C002063
100002064,AN-C002064
100002065,AN-C002065
100002066,AN-C002066
100002067,AN-C002067
100002068,AN-C002068
100002069,AN-C002069
100002070,AN-C002070
100002071,AN-C002071
100002072,AN-C002072
100002073,AN-C002073
100002074,AN-C002074
100002075,AN-C002075
100002076,AN-C002076
100002077,AN-C002077
100002078,AN-C002078
100002079,AN-C002079
100002080,AN-C002080
100002081,AN-C002081
100002082,AN-C002082
100002083,AN-C002083
100002084,AN-C002084
100002085,AN-C002085
100002086,AN-C002086
100002087,AN-C002087
100002088,AN-C002088
100002089,AN-C002089
100002090,AN-C002090
100002091,AN-C002091
100002092,AN-C002092
100002093,AN-C002093
100002094,AN-C002094
100002095,AN-C002095
100002096,AN-C002096
100002097,AN-C002097
100002098,AN-C002098
100002099,AN-C002099
100002100,AN-C002100
100002101,AN-C002101
100002102,AN-C002102
100002103,AN-C002103
100002104,AN-C002104
100002105,AN-C002105
100002106,AN-C002106
100002107,AN-C002107
100002108,AN-C002108
100002109,AN-C002109
100002110,AN-C002110
100002111,AN-C002111
100002112,AN-C002112
100002113,AN-C002113
100002114,AN-C002114
100002115,AN-C002115
100002116,AN-C002116
100002117,AN-C002117
100002118,AN-C002118
100002119,AN-C002119
100002120,AN-C002120
100002121,AN-C002121
100002122,AN-C002122
100002123,AN-C002123
100002124,AN-C002124
100002125,AN-C002125
100002126,AN-C002126
100002127,AN-C002127
100002128,AN-C002128
100002129,AN-C002129
100002130,AN-C002130
100002131,AN-C002131
100002132,AN-C002132
100002133,AN-C002133
100002134,AN-C002134
100002135,AN-C002135
100002136,AN-C002136
100002137,AN-C002137
100002138,AN-C002138
100002139,AN-C002139
100002140,AN-C002140
100002141,AN-C002141
100002142,AN-C002142
100002143,AN-C002143
100002144,AN-C002144
100002145,AN-C002145
100002146,AN-C002146
100002147,AN-C002147
100002148,AN-C002148
100002149,AN-C002149
100002150,AN-C002150
100002151,AN-C002151
100002152,AN-C002152
100002153,AN-C002153
100002154,AN-C002154
100002155,AN-C002155
100002156,AN-C002156
100002157,AN-C002157
100002158,AN-C002158
100002159,AN-C002159
100002160,AN-C002160
100002161,AN-C002161
100002162,AN-C002162
100002163,AN-C002163
100002164,AN-C002164
100002165,AN-C002165
100002166,AN-C002166
100002167,AN-C002167
100002168,AN-C002168
100002169,AN-C002169
100002170,AN-C002170
100002171,AN-C002171
100002172,AN-C002172
100002173,AN-C002173
100002174,AN-C002174
100002175,AN-C002175
100002176,AN-C002176
100002177,AN-C002177
100002178,AN-C002178
100002179,AN-C002179
100002180,AN-C002180
100002181,AN-C002181
100002182,AN-C002182
100002183,AN-C002183
100002184,AN-C002184
100002185,AN-C002185
100002186,AN-C002186
100002187,AN-C002187
100002188,AN-C002188
100002189,AN-C002189
100002190,AN-C002190
100002191,AN-C002191
100002192,AN-C002192
100002193,AN-C002193
100002194,AN-C002194
100002195,AN-C002195
100002196,AN-C002196
100002197,AN-C002197
100002198,AN-C002198
100002199,AN-C002199
100002200,AN-C002200
100002201,AN-C002201
100002202,AN-C002202
100002203,AN-C002203
100002204,AN-C002204
100002205,AN-C002205
100002206,AN-C002206
100002207,AN-C002207
100002208,AN-C002208
100002209,AN-C002209
100002210,AN-C002210
100002211,AN-C002211
100002212,AN-C002212
100002213,AN-C002213
100002214,AN-C002214
100002215,AN-C002215
100002216,AN-C002216
100002217,AN-C002217
100002218,AN-C002218
100002219,AN-C002219
100002220,AN-C002220
100002221,AN-C002221
100002222,AN-C002222
100002223,AN-C002223
100002224,AN-C002224
100002225,AN-C002225
100002226,AN-C002226
100002227,AN-C002227
100002228,AN-C002228
100002229,AN-C002229
100002230,AN-C002230
100002231,AN-C002231
100002232,AN-C002232
100002233,AN-C002233
100002234,AN-C002234
100002235,AN-C002235
100002236,AN-C002236
100002237,AN-C002237
100002238,AN-C002238
100002239,AN-C002239
100002240,AN-C002240
100002241,AN-C002241
100002242,AN-C002242
100002243,AN-C002243
100002244,AN-C002244
100002245,AN-C002245
100002246,AN-C002246
100002247,AN-C002247
100002248,AN-C002248
100002249,AN-C002249
100002250,AN-C002250
100002251,AN-C002251
100002252,AN-C002252
100002253,AN-C002253
100002254,AN-C002254
100002255,AN-C002255
100002256,AN-C002256
100002257,AN-C002257
100002258,AN-C002258
100002259,AN-C002259
100002260,AN-C002260
100002261,AN-C002261
100002262,AN-C002262
100002263,AN-C002263
100002264,AN-C002264
100002265,AN-C002265
100002266,AN-C002266
100002267,AN-C002267
100002268,AN-C002268
100002269,AN-C002269
100002270,AN-C002270
100002271,AN-C002271
100002272,AN-C002272
100002273,AN-C002273
100002274,AN-C002274
100002275,AN-C002275
100002276,AN-C002276
100002277,AN-C002277
100002278,AN-C002278
100002279,AN-C002279
100002280,AN-C002280
100002281,AN-C002281
100002282,AN-C002282
100002283,AN-C002283
100002284,AN-C002284
100002285,AN-C002285
100002286,AN-C002286
100002287,AN-C002287
100002288,AN-C002288
100002289,AN-C002289
100002290,AN-C002290
100002291,AN-C002291
100002292,AN-C002292
100002293,AN-C002293
100002294,AN-C002294
100002295,AN-C002295
100002296,AN-C002296
100002297,AN-C002297
100002298,AN-C002298
100002299,AN-C002299
100002300,AN-C002300
100002301,AN-C002301
100002302,AN-C002302
100002303,AN-C002303
100002304,AN-C002304
100002305,AN-C002305
100002306,AN-C002306
100002307,AN-C002307
100002308,AN-C002308
100002309,AN-C002309
100002310,AN-C002310
100002311,AN-C002311
100002312,AN-C002312
100002313,AN-C002313
100002314,AN-C002314
100002315,AN-C002315
100002316,AN-C002316
100002317,AN-C002317
100002318,AN-C002318
100002319,AN-C002319
100002320,AN-C002320
100002321,AN-C002321
100002322,AN-C002322
100002323,AN-C002323
100002324,AN-C002324
100002325,AN-C002325
100002326,AN-C002326
100002327,AN-C002327
100002328,AN-C002328
100002329,AN-C002329
100002330,AN-C002330
100002331,AN-C002331
100002332,AN-C002332
100002333,AN-C002333
100002334,AN-C002334
100002335,AN-C002335
100002336,AN-C002336
100002337,AN-C002337
100002338,AN-C002338
100002339,AN-C002339
100002340,AN-C002340
100002341,AN-C002341
100002342,AN-C002342
100002343,AN-C002343
100002344,AN-C002344
100002345,AN-C002345
100002346,AN-C002346
100002347,AN-C002347
100002348,AN-C002348
100002349,AN-C002349
100002350,AN-C002350
100002351,AN-C002351
100002352,AN-C002352
100002353,AN-C002353
100002354,AN-C002354
100002355,AN-C002355
100002356,AN-C002356
100002357,AN-C002357
100002358,AN-C002358
100002359,AN-C002359
100002360,AN-C002360
100002361,AN-C002361
100002362,AN-C002362
100002363,AN-C002363
100002364,AN-C002364
100002365,AN-C002365
100002366,AN-C002366
100002367,AN-C002367
100002368,AN-C002368
100002369,AN-C002369
100002370,AN-C002370
100002371,AN-C002371
100002372,AN-C002372
100002373,AN-C002373
100002374,AN-C002374
100002375,AN-C002375
100002376,AN-C002376
100002377,AN-C002377
100002378,AN-C002378
100002379,AN-C002379
100002380,AN-C002380
100002381,AN-C002381
100002382,AN-C002382
100002383,AN-C002383
100002384,AN-C002384
100002385,AN-C002385
100002386,AN-C002386
100002387,AN-C002387
100002388,AN-C002388
100002389,AN-C002389
100002390,AN-C002390
100002391,AN-C002391
100002392,AN-C002392
100002393,AN-C002393
100002394,AN-C002394
100002395,AN-C002395
100002396,AN-C002396
100002397,AN-C002397
100002398,AN-C002398
100002399,AN-C002399
100002400,AN-C002400
100002401,AN-C002401
100002402,AN-C002402
100002403,AN-C002403
100002404,AN-C002404
100002405,AN-C002405
100002406,AN-C002406
100002407,AN-C002407
100002408,AN-C002408
100002409,AN-C002409
100002410,AN-C002410
100002411,AN-C002411
100002412,AN-C002412
100002413,AN-C002413
100002414,AN-C002414
100002415,AN-C002415
100002416,AN-C002416
100002417,AN-C002417
100002418,AN-C002418
100002419,AN-C002419
100002420,AN-C002420
100002421,AN-C002421
100002422,AN-C002422
100002423,AN-C002423
100002424,AN-C002424
100002425,AN-C002425
100002426,AN-C002426
100002427,AN-C002427
100002428,AN-C002428
100002429,AN-C002429
100002430,AN-C002430
100002431,AN-C002431
100002432,AN-C002432
100002433,AN-C002433
100002434,AN-C002434
100002435,AN-C002435
100002436,AN-C002436
100002437,AN-C002437
100002438,AN-C002438
100002439,AN-C002439
100002440,AN-C002440
100002441,AN-C002441
100002442,AN-C002442
100002443,AN-C002443
100002444,AN-C002444
100002445,AN-C002445
100002446,AN-C002446
100002447,AN-C002447
100002448,AN-C002448
100002449,AN-C002449
100002450,AN-C002450
100002451,AN-C002451
100002452,AN-C002452
100002453,AN-C002453
100002454,AN-C002454
100002455,AN-C002455
100002456,AN-C002456
100002457,AN-C002457
100002458,AN-C002458
100002459,AN-C002459
100002460,AN-C002460
100002461,AN-C002461
100002462,AN-C002462
100002463,AN-C002463
100002464,AN-C002464
100002465,AN-C002465
100002466,AN-C002466
100002467,AN-C002467
100002468,AN-C002468
100002469,AN-C002469
100002470,AN-C002470
100002471,AN-C002471
100002472,AN-C002472
100002473,AN-C002473
100002474,AN-C002474
100002475,AN-C002475
100002476,AN-C002476
100002477,AN-C002477
100002478,AN-C002478
100002479,AN-C002479
100002480,AN-C002480
100002481,AN-C002481
100002482,AN-C002482
100002483,AN-C002483
100002484,AN-C002484
100002485,AN-C002485
100002486,AN-C002486
100002487,AN-C002487
100002488,AN-C002488
100002489,AN-C002489
100002490,AN-C002490
100002491,AN-C002491
100002492,AN-C002492
100002493,AN-C002493
100002494,AN-C002494
100002495,AN-C002495
100002496,AN-C002496
100002497,AN-C002497
100002498,AN-C002498
100002499,AN-C002499
100002500,AN-C002500
100002501,AN-C002501
100002502,AN-C002502
100002503,AN-C002503
100002504,AN-C002504
100002505,AN-C002505
100002506,AN-C002506
100002507,AN-C002507
100002508,AN-C002508
100002509,AN-C002509
100002510,AN-C002510
100002511,AN-C002511
100002512,AN-C002512
100002513,AN-C002513
100002514,AN-C002514
100002515,AN-C002515
100002516,AN-C002516
100002517,AN-C002517
100002518,AN-C002518
100002519,AN-C002519
100002520,AN-C002520
100002521,AN-C002521
100002522,AN-C002522
100002523,AN-C002523
100002524,AN-C002524
100002525,AN-C002525
100002526,AN-C002526
100002527,AN-C002527
100002528,AN-C002528
100002529,AN-C002529
100002530,AN-C002530
100002531,AN-C002531
100002532,AN-C002532
100002533,AN-C002533
100002534,AN-C002534
100002535,AN-C002535
100002536,AN-C002536
100002537,AN-C002537
100002538,AN-C002538
100002539,AN-C002539
100002540,AN-C002540
100002541,AN-C002541
100002542,AN-C002542
100002543,AN-C002543
100002544,AN-C002544
100002545,AN-C002545
100002546,AN-C002546
100002547,AN-C002547
100002548,AN-C002548
100002549,AN-C002549
100002550,AN-C002550
100002551,AN-C002551
100002552,AN-C002552
100002553,AN-C002553
100002554,AN-C002554
100002555,AN-C002555
100002556,AN-C002556
100002557,AN-C002557
100002558,AN-C002558
100002559,AN-C002559
100002560,AN-C002560
100002561,AN-C002561
100002562,AN-C002562
100002563,AN-C002563
100002564,AN-C002564
100002565,AN-C002565
100002566,AN-C002566
100002567,AN-C002567
100002568,AN-C002568
100002569,AN-C002569
100002570,AN-C002570
100002571,AN-C002571
100002572,AN-C002572
100002573,AN-C002573
100002574,AN-C002574
100002575,AN-C002575
100002576,AN-C002576
100002577,AN-C002577
100002578,AN-C002578
100002579,AN-C002579
100002580,AN-C002580
100002581,AN-C002581
100002582,AN-C002582
100002583,AN-C002583
100002584,AN-C002584
100002585,AN-C002585
100002586,AN-C002586
100002587,AN-C002587
100002588,AN-C002588
100002589,AN-C002589
100002590,AN-C002590
100002591,AN-C002591
100002592,AN-C002592
100002593,AN-C002593
100002594,AN-C002594
100002595,AN-C002595
100002596,AN-C002596
100002597,AN-C002597
100002598,AN-C002598
100002599,AN-C002599
100002600,AN-C002600
100002601,AN-C002601
100002602,AN-C002602
100002603,AN-C002603
100002604,AN-C002604
100002605,AN-C002605
100002606,AN-C002606
100002607,AN-C002607
100002608,AN-C002608
100002609,AN-C002609
100002610,AN-C002610
100002611,AN-C002611
100002612,AN-C002612
100002613,AN-C002613
100002614,AN-C002614
100002615,AN-C002615
100002616,AN-C002616
100002617,AN-C002617
100002618,AN-C002618
100002619,AN-C002619
100002620,AN-C002620
100002621,AN-C002621
100002622,AN-C002622
100002623,AN-C002623
100002624,AN-C002624
100002625,AN-C002625
100002626,AN-C002626
100002627,AN-C002627
100002628,AN-C002628
100002629,AN-C002629
100002630,AN-C002630
100002631,AN-C002631
100002632,AN-C002632
100002633,AN-C002633
100002634,AN-C002634
100002635,AN-C002635
100002636,AN-C002636
100002637,AN-C002637
100002638,AN-C002638
100002639,AN-C002639
100002640,AN-C002640
100002641,AN-C002641
100002642,AN-C002642
100002643,AN-C002643
100002644,AN-C002644
100002645,AN-C002645
100002646,AN-C002646
100002647,AN-C002647
100002648,AN-C002648
100002649,AN-C002649
100002650,AN-C002650
100002651,AN-C002651
100002652,AN-C002652
100002653,AN-C002653
100002654,AN-C002654
100002655,AN-C002655
100002656,AN-C002656
100002657,AN-C002657
100002658,AN-C002658
100002659,AN-C002659
100002660,AN-C002660
100002661,AN-C002661
100002662,AN-C002662
100002663,AN-C002663
100002664,AN-C002664
100002665,AN-C002665
100002666,AN-C002666
100002667,AN-C002667
100002668,AN-C002668
100002669,AN-C002669
100002670,AN-C002670
100002671,AN-C002671
100002672,AN-C002672
100002673,AN-C002673
100002674,AN-C002674
100002675,AN-C002675
100002676,AN-C002676
100002677,AN-C002677
100002678,AN-C002678
100002679,AN-C002679
100002680,AN-C002680
100002681,AN-C002681
100002682,AN-C002682
100002683,AN-C002683
100002684,AN-C002684
100002685,AN-C002685
100002686,AN-C002686
100002687,AN-C002687
100002688,AN-C002688
100002689,AN-C002689
100002690,AN-C002690
100002691,AN-C002691
100002692,AN-C002692
100002693,AN-C002693
100002694,AN-C002694
100002695,AN-C002695
100002696,AN-C002696
100002697,AN-C002697
100002698,AN-C002698
100002699,AN-C002699
100002700,AN-C002700
100002701,AN-C002701
100002702,AN-C002702
100002703,AN-C002703
100002704,AN-C002704
100002705,AN-C002705
100002706,AN-C002706
100002707,AN-C002707
100002708,AN-C002708
100002709,AN-C002709
100002710,AN-C002710
100002711,AN-C002711
100002712,AN-C002712
100002713,AN-C002713
100002714,AN-C002714
100002715,AN-C002715
100002716,AN-C002716
100002717,AN-C002717
100002718,AN-C002718
100002719,AN-C002719
100002720,AN-C002720
100002721,AN-C002721
100002722,AN-C002722
100002723,AN-C002723
100002724,AN-C002724
100002725,AN-C002725
100002726,AN-C002726
100002727,AN-C002727
100002728,AN-C002728
100002729,AN-C002729
100002730,AN-C002730
100002731,AN-C002731
100002732,AN-C002732
100002733,AN-C002733
100002734,AN-C002734
100002735,AN-C002735
100002736,AN-C002736
100002737,AN-C002737
100002738,AN-C002738
100002739,AN-C002739
100002740,AN-C002740
100002741,AN-C002741
100002742,AN-C002742
100002743,AN-C002743
100002744,AN-C002744
100002745,AN-C002745
100002746,AN-C002746
100002747,AN-C002747
100002748,AN-C002748
100002749,AN-C002749
100002750,AN-C002750
100002751,AN-C002751
100002752,AN-C002752
100002753,AN-C002753
100002754,AN-C002754
100002755,AN-C002755
100002756,AN-C002756
100002757,AN-C002757
100002758,AN-C002758
100002759,AN-C002759
100002760,AN-C002760
100002761,AN-C002761
100002762,AN-C002762
100002763,AN-C002763
100002764,AN-C002764
100002765,AN-C002765
100002766,AN-C002766
100002767,AN-C002767
100002768,AN-C002768
100002769,AN-C002769
100002770,AN-C002770
100002771,AN-C002771
100002772,AN-C002772
100002773,AN-C002773
100002774,AN-C002774
100002775,AN-C002775
100002776,AN-C002776
100002777,AN-C002777
100002778,AN-C002778
100002779,AN-C002779
100002780,AN-C002780
100002781,AN-C002781
100002782,AN-C002782
100002783,AN-C002783
100002784,AN-C002784
100002785,AN-C002785
100002786,AN-C002786
100002787,AN-C002787
100002788,AN-C002788
100002789,AN-C002789
100002790,AN-C002790
100002791,AN-C002791
100002792,AN-C002792
100002793,AN-C002793
100002794,AN-C002794
100002795,AN-C002795
100002796,AN-C002796
100002797,AN-C002797
100002798,AN-C002798
100002799,AN-C002799
100002800,AN-C002800
100002801,AN-C002801
100002802,AN-C002802
100002803,AN-C002803
100002804,AN-C002804
100002805,AN-C002805
100002806,AN-C002806
100002807,AN-C002807
100002808,AN-C002808
100002809,AN-C002809
100002810,AN-C002810
100002811,AN-C002811
100002812,AN-C002812
100002813,AN-C002813
100002814,AN-C002814
100002815,AN-C002815
100002816,AN-C002816
100002817,AN-C002817
100002818,AN-C002818
100002819,AN-C002819
100002820,AN-C002820
100002821,AN-C002821
100002822,AN-C002822
100002823,AN-C002823
100002824,AN-C002824
100002825,AN-C002825
100002826,AN-C002826
100002827,AN-C002827
100002828,AN-C002828
100002829,AN-C002829
100002830,AN-C002830
100002831,AN-C002831
100002832,AN-C002832
100002833,AN-C002833
100002834,AN-C002834
100002835,AN-C002835
100002836,AN-C002836
100002837,AN-C002837
100002838,AN-C002838
100002839,AN-C002839
100002840,AN-C002840
100002841,AN-C002841
100002842,AN-C002842
100002843,AN-C002843
100002844,AN-C002844
100002845,AN-C002845
100002846,AN-C002846
100002847,AN-C002847
100002848,AN-C002848
100002849,AN-C002849
100002850,AN-C002850
100002851,AN-C002851
100002852,AN-C002852
100002853,AN-C002853
100002854,AN-C002854
100002855,AN-C002855
100002856,AN-C002856
100002857,AN-C002857
100002858,AN-C002858
100002859,AN-C002859
100002860,AN-C002860
100002861,AN-C002861
100002862,AN-C002862
100002863,AN-C002863
100002864,AN-C002864
100002865,AN-C002865
100002866,AN-C002866
100002867,AN-C002867
100002868,AN-C002868
100002869,AN-C002869
100002870,AN-C002870
100002871,AN-C002871
100002872,AN-C002872
100002873,AN-C002873
100002874,AN-C002874
100002875,AN-C002875
100002876,AN-C002876
100002877,AN-C002877
100002878,AN-C002878
100002879,AN-C002879
100002880,AN-C002880
100002881,AN-C002881
100002882,AN-C002882
100002883,AN-C002883
100002884,AN-C002884
100002885,AN-C002885
100002886,AN-C002886
100002887,AN-C002887
100002888,AN-C002888
100002889,AN-C002889
100002890,AN-C002890
100002891,AN-C002891
100002892,AN-C002892
100002893,AN-C002893
100002894,AN-C002894
100002895,AN-C002895
100002896,AN-C002896
100002897,AN-C002897
100002898,AN-C002898
100002899,AN-C002899
100002900,AN-C002900
100002901,AN-C002901
100002902,AN-C002902
100002903,AN-C002903
100002904,AN-C002904
100002905,AN-C002905
100002906,AN-C002906
100002907,AN-C002907
100002908,AN-C002908
100002909,AN-C002909
100002910,AN-C002910
100002911,AN-C002911
100002912,AN-C002912
100002913,AN-C002913
100002914,AN-C002914
100002915,AN-C002915
100002916,AN-C002916
100002917,AN-C002917
100002918,AN-C002918
100002919,AN-C002919
100002920,AN-C002920
100002921,AN-C002921
100002922,AN-C002922
100002923,AN-C002923
100002924,AN-C002924
100002925,AN-C002925
100002926,AN-C002926
100002927,AN-C002927
100002928,AN-C002928
100002929,AN-C002929
100002930,AN-C002930
100002931,AN-C002931
100002932,AN-C002932
100002933,AN-C002933
100002934,AN-C002934
100002935,AN-C002935
100002936,AN-C002936
100002937,AN-C002937
100002938,AN-C002938
100002939,AN-C002939
100002940,AN-C002940
100002941,AN-C002941
100002942,AN-C002942
100002943,AN-C002943
100002944,AN-C002944
100002945,AN-C002945
100002946,AN-C002946
100002947,AN-C002947
100002948,AN-C002948
100002949,AN-C002949
100002950,AN-C002950
100002951,AN-C002951
100002952,AN-C002952
100002953,AN-C002953
100002954,AN-C002954
100002955,AN-C002955
100002956,AN-C002956
100002957,AN-C002957
100002958,AN-C002958
100002959,AN-C002959
100002960,AN-C002960
100002961,AN-C002961
100002962,AN-C002962
100002963,AN-C002963
100002964,AN-C002964
100002965,AN-C002965
100002966,AN-C002966
100002967,AN-C002967
100002968,AN-C002968
100002969,AN-C002969
100002970,AN-C002970
100002971,AN-C002971
100002972,AN-C002972
100002973,AN-C002973
100002974,AN-C002974
100002975,AN-C002975
100002976,AN-C002976
100002977,AN-C002977
100002978,AN-C002978
100002979,AN-C002979
100002980,AN-C002980
100002981,AN-C002981
100002982,AN-C002982
100002983,AN-C002983
100002984,AN-C002984
100002985,AN-C002985
100002986,AN-C002986
100002987,AN-C002987
100002988,AN-C002988
100002989,AN-C002989
100002990,AN-C002990
100002991,AN-C002991
100002992,AN-C002992
100002993,AN-C002993
100002994,AN-C002994
100002995,AN-C002995
100002996,AN-C002996
100002997,AN-C002997
100002998,AN-C002998
100002999,AN-C002999
100003000,AN-C003000
