customer_id,first_name,last_name,date_of_birth,nationality,occupation,phone_number,email,created_at
OR-C000001,Kofi,Agyeman,1961-12-08,Ghanaian,Other,+233339895542,kofi.agyeman8166@example.test,2024-10-23 13:31:08.000
OR-C000002,Fiifi,Quaye,1965-11-12,Ghanaian,Trader,+233464266527,fiifi.quaye1925@example.test,2024-11-18 11:26:23.000
OR-C000003,Mavis,Adjei,1983-03-11,Ghanaian,Public Servant,+233599618552,mavis.adjei4872@example.test,2023-12-17 08:12:18.000
OR-C000004,Samuel,Asare,1964-05-13,Ghanaian,Artisan,+233564349160,samuel.asare6430@example.test,2023-10-16 12:46:37.000
OR-C000005,Grace,Agyeman,2003-07-13,Ghanaian,Trader,+233249875056,grace.agyeman5995@example.test,2023-07-24 18:32:05.000
OR-C000006,Kojo,Boateng,1975-07-14,Ghanaian,Driver,+233300305464,kojo.boateng9858@example.test,2025-04-03 09:01:54.000
OR-C000007,Kwadwo,Darko,1979-05-17,Ghanaian,Artisan,+233236575424,kwadwo.darko6348@example.test,2024-12-09 14:39:55.000
OR-C000008,Yaa,Arthur,1975-06-10,Ghanaian,Health Worker,+233406981297,yaa.arthur6208@example.test,2023-12-06 08:07:43.000
OR-C000009,Kwadwo,Adjei,2000-03-07,Ghanaian,Public Servant,+233583263327,kwadwo.adjei3484@example.test,2023-12-01 12:20:22.000
OR-C000010,Yaw,Quaye,1974-11-24,Ghanaian,Student,+233336059549,yaw.quaye9852@example.test,2024-03-28 17:37:33.000
OR-C000011,Angela,Mensah,1989-03-02,Ghanaian,Teacher,+233274524767,angela.mensah7301@example.test,2024-01-11 17:53:52.000
OR-C000012,Ama,Boateng,1991-02-17,Ghanaian,Professional,+233344740748,ama.boateng6456@example.test,2024-07-10 17:41:04.000
OR-C000013,Efua,Owusu,2000-07-27,Ghanaian,Artisan,+233302855385,efua.owusu7430@example.test,2024-09-23 10:49:47.000
OR-C000014,Mavis,Agyeman,1980-04-07,Ghanaian,Teacher,+233226121494,mavis.agyeman1980@example.test,2025-03-11 08:21:18.000
OR-C000015,Grace,Agyeman,1983-05-22,Ghanaian,Professional,+233475712390,grace.agyeman8382@example.test,2024-07-11 11:09:39.000
OR-C000016,Samuel,Appiah,1989-11-15,Ghanaian,Teacher,+233368687552,samuel.appiah9847@example.test,2024-11-12 13:34:17.000
OR-C000017,Daniel,Owusu,2003-04-11,Ghanaian,Driver,+233461554807,daniel.owusu6597@example.test,2025-03-07 11:56:04.000
OR-C000018,Ama,Arthur,2002-01-14,Ghanaian,Public Servant,+233384713293,ama.arthur8406@example.test,2024-08-08 10:52:34.000
OR-C000019,Ama,Boateng,1969-12-17,Ghanaian,Teacher,+233216223674,ama.boateng9268@example.test,2023-11-22 08:50:04.000
OR-C000020,Abena,Darko,1986-08-13,Ghanaian,Student,+233535797094,abena.darko921@example.test,2023-03-28 15:03:31.000
OR-C000021,Afia,Boateng,1965-08-11,Ghanaian,Health Worker,+233208167252,afia.boateng5527@example.test,2023-01-08 11:59:36.000
OR-C000022,Angela,Agyeman,1974-12-12,Ghanaian,Health Worker,+233515067895,angela.agyeman1692@example.test,2024-09-09 10:34:35.000
OR-C000023,Akosua,Agyeman,2001-03-10,Ghanaian,Public Servant,+233265077441,akosua.agyeman6028@example.test,2025-01-11 10:57:49.000
OR-C000024,Kwabena,Adjei,1965-02-16,Ghanaian,Artisan,+233346436346,kwabena.adjei1403@example.test,2024-08-31 16:00:47.000
OR-C000025,Ama,Agyeman,1965-06-07,Ghanaian,Other,+233349135621,ama.agyeman3871@example.test,2024-11-15 13:56:07.000
OR-C000026,Efua,Agyeman,1964-10-21,Ghanaian,Health Worker,+233246384168,efua.agyeman6881@example.test,2023-05-28 18:46:12.000
OR-C000027,Abena,Mensah,1977-09-06,Ghanaian,Trader,+233255721168,abena.mensah4068@example.test,2024-03-06 10:38:08.000
OR-C000028,Kwabena,Osei,1982-05-23,Ghanaian,Trader,+233346457409,kwabena.osei857@example.test,2023-07-16 08:51:23.000
OR-C000029,Kwabena,Osei,1977-10-01,Ghanaian,Self Employed,+233286220811,kwabena.osei3291@example.test,2025-03-07 16:34:13.000
OR-C000030,Kwabena,Agyeman,1994-10-27,Ghanaian,Public Servant,+233220871447,kwabena.agyeman8912@example.test,2023-01-02 10:10:16.000
OR-C000031,Kwadwo,Asare,1971-03-17,Ghanaian,Public Servant,+233585523618,kwadwo.asare3060@example.test,2023-04-27 08:15:42.000
OR-C000032,Kofi,Quaye,1999-01-07,Ghanaian,Farmer,+233271275071,kofi.quaye7367@example.test,2024-02-29 10:39:14.000
OR-C000033,Akosua,Darko,1974-05-08,Ghanaian,Public Servant,+233413250225,akosua.darko5307@example.test,2024-01-11 12:46:52.000
OR-C000034,Angela,Osei,1988-10-25,Ghanaian,Trader,+233506701720,angela.osei3183@example.test,2024-09-30 13:34:54.000
OR-C000035,Abena,Asare,1982-03-11,Ghanaian,Self Employed,+233230643957,abena.asare6158@example.test,2023-12-28 13:22:55.000
OR-C000036,Afia,Osei,1976-04-03,Ghanaian,Public Servant,+233206900165,afia.osei2083@example.test,2024-12-21 16:23:45.000
OR-C000037,Angela,Boateng,2002-07-20,Ghanaian,Driver,+233266040469,angela.boateng2617@example.test,2024-12-06 08:00:08.000
OR-C000038,Grace,Adjei,1974-04-13,Ghanaian,Teacher,+233293195767,grace.adjei2980@example.test,2025-01-02 08:23:44.000
OR-C000039,Yaa,Mensah,1996-08-04,Ghanaian,Health Worker,+233404972237,yaa.mensah7032@example.test,2024-04-05 12:36:06.000
OR-C000040,Daniel,Agyeman,1977-01-27,Ghanaian,Student,+233435268755,daniel.agyeman6845@example.test,2024-02-22 10:35:30.000
OR-C000041,Abena,Arthur,1996-10-25,Ghanaian,Teacher,+233489563787,abena.arthur1870@example.test,2023-11-03 10:10:51.000
OR-C000042,Daniel,Boateng,1980-05-10,Ghanaian,Health Worker,+233305789156,daniel.boateng2686@example.test,2025-02-05 14:01:41.000
OR-C000043,Daniel,Appiah,1971-11-21,Ghanaian,Teacher,+233235884323,daniel.appiah9596@example.test,2024-08-11 17:43:38.000
OR-C000044,Kojo,Darko,1970-03-03,Ghanaian,Driver,+233308990000,kojo.darko4018@example.test,2024-10-03 15:35:46.000
OR-C000045,Kwame,Boateng,1964-10-15,Ghanaian,Student,+233585437609,kwame.boateng5607@example.test,2024-05-17 08:58:55.000
OR-C000046,Fiifi,Osei,1969-12-16,Ghanaian,Public Servant,+233215798394,fiifi.osei6129@example.test,2023-08-13 11:32:41.000
OR-C000047,Daniel,Amoah,2003-06-13,Ghanaian,Farmer,+233433930617,daniel.amoah8174@example.test,2024-10-18 13:10:51.000
OR-C000048,Kwame,Arthur,1987-06-16,Ghanaian,Trader,+233314885530,kwame.arthur1248@example.test,2025-04-28 08:56:47.000
OR-C000049,Kojo,Amoah,2000-11-25,Ghanaian,Health Worker,+233227537206,kojo.amoah3527@example.test,2024-03-25 09:55:21.000
OR-C000050,Mavis,Appiah,1993-03-12,Ghanaian,Artisan,+233407684993,mavis.appiah6989@example.test,2023-03-27 08:44:04.000
OR-C000051,Efua,Mensah,1976-10-05,Ghanaian,Other,+233337279475,efua.mensah410@example.test,2024-09-02 11:12:18.000
OR-C000052,Abena,Darko,1961-06-03,Ghanaian,Teacher,+233557744916,abena.darko3138@example.test,2023-12-07 14:32:25.000
OR-C000053,Ama,Osei,1987-02-26,Ghanaian,Student,+233443382916,ama.osei6173@example.test,2024-01-24 11:44:12.000
OR-C000054,Daniel,Osei,1987-07-22,Ghanaian,Trader,+233584741705,daniel.osei6105@example.test,2023-10-31 10:29:56.000
OR-C000055,Yaa,Adjei,1995-05-24,Ghanaian,Other,+233280686335,yaa.adjei9288@example.test,2023-10-25 11:51:29.000
OR-C000056,Efua,Owusu,1974-03-08,Ghanaian,Student,+233335517645,efua.owusu5445@example.test,2024-09-24 10:53:03.000
OR-C000057,Fiifi,Mensah,1964-08-13,Ghanaian,Artisan,+233579180023,fiifi.mensah2530@example.test,2023-07-28 17:16:06.000
OR-C000058,Grace,Owusu,1973-02-13,Ghanaian,Driver,+233257461714,grace.owusu4662@example.test,2023-12-02 15:13:22.000
OR-C000059,Samuel,Darko,1964-10-10,Ghanaian,Driver,+233318085316,samuel.darko5568@example.test,2023-10-03 13:03:56.000
OR-C000060,Abena,Osei,1995-08-13,Ghanaian,Teacher,+233427084434,abena.osei2027@example.test,2024-12-27 08:56:07.000
OR-C000061,Daniel,Mensah,1976-03-28,Ghanaian,Other,+233393084268,daniel.mensah69@example.test,2024-10-02 12:45:42.000
OR-C000062,Grace,Amoah,1984-11-02,Ghanaian,Health Worker,+233244449151,grace.amoah5673@example.test,2024-02-24 16:10:15.000
OR-C000063,Grace,Osei,1987-06-24,Ghanaian,Other,+233359003437,grace.osei6096@example.test,2025-03-18 16:31:13.000
OR-C000064,Efua,Quaye,1972-04-17,Ghanaian,Student,+233307458555,efua.quaye3226@example.test,2023-03-09 13:13:31.000
OR-C000065,Afia,Agyeman,1999-09-26,Ghanaian,Artisan,+233289924110,afia.agyeman4338@example.test,2025-04-09 13:14:47.000
OR-C000066,Esi,Boateng,1982-03-22,Ghanaian,Health Worker,+233418982049,esi.boateng1203@example.test,2023-11-28 14:27:09.000
OR-C000067,Kwadwo,Arthur,1984-04-26,Ghanaian,Student,+233354059532,kwadwo.arthur4852@example.test,2025-01-17 08:08:28.000
OR-C000068,Daniel,Boateng,2001-06-11,Ghanaian,Professional,+233460566646,daniel.boateng8156@example.test,2024-10-18 10:48:41.000
OR-C000069,Esi,Mensah,1965-10-15,Ghanaian,Artisan,+233279908633,esi.mensah2241@example.test,2023-05-09 14:45:49.000
OR-C000070,Akosua,Osei,1968-10-26,Ghanaian,Student,+233508322931,akosua.osei1661@example.test,2024-04-28 17:20:44.000
OR-C000071,Kofi,Quaye,1973-07-10,Ghanaian,Driver,+233534567065,kofi.quaye2675@example.test,2023-04-17 10:04:04.000
OR-C000072,Afia,Darko,1998-10-03,Ghanaian,Trader,+233597063698,afia.darko3220@example.test,2024-10-27 18:38:08.000
OR-C000073,Michael,Arthur,1984-12-13,Ghanaian,Teacher,+233465970503,michael.arthur1850@example.test,2024-05-07 13:35:06.000
OR-C000074,Efua,Owusu,1993-09-02,Ghanaian,Self Employed,+233289486500,efua.owusu3501@example.test,2024-05-06 18:00:42.000
OR-C000075,Kojo,Asare,2003-12-06,Ghanaian,Farmer,+233314146786,kojo.asare8545@example.test,2024-11-07 18:00:06.000
OR-C000076,Grace,Mensah,1999-04-16,Ghanaian,Teacher,+233435068871,grace.mensah977@example.test,2025-01-28 08:48:51.000
OR-C000077,Mary,Osei,1991-06-12,Ghanaian,Other,+233230705635,mary.osei6452@example.test,2024-06-16 08:55:27.000
OR-C000078,Mavis,Darko,1976-09-07,Ghanaian,Student,+233379949670,mavis.darko4291@example.test,2024-08-04 18:03:23.000
OR-C000079,Daniel,Adjei,1977-01-03,Ghanaian,Public Servant,+233431400378,daniel.adjei6859@example.test,2023-08-25 09:40:12.000
OR-C000080,Nana,Boateng,1971-09-16,Ghanaian,Student,+233557591297,nana.boateng3267@example.test,2024-07-18 08:23:48.000
OR-C000081,Michael,Darko,1972-08-11,Ghanaian,Professional,+233531493237,michael.darko5249@example.test,2024-08-30 08:24:08.000
OR-C000082,Grace,Agyeman,1987-11-06,Ghanaian,Self Employed,+233436621966,grace.agyeman1181@example.test,2025-03-15 11:03:11.000
OR-C000083,Mary,Appiah,1970-07-03,Ghanaian,Health Worker,+233471596773,mary.appiah1149@example.test,2025-03-12 12:55:52.000
OR-C000084,Yaw,Appiah,1960-04-21,Ghanaian,Artisan,+233338848294,yaw.appiah6897@example.test,2023-08-15 17:49:43.000
OR-C000085,Adwoa,Quaye,2002-01-01,Ghanaian,Professional,+233505131598,adwoa.quaye5364@example.test,2024-02-13 10:23:25.000
OR-C000086,Kwabena,Agyeman,1973-02-14,Ghanaian,Professional,+233588350220,kwabena.agyeman3741@example.test,2023-08-08 13:21:39.000
OR-C000087,Yaw,Asare,1962-03-08,Ghanaian,Health Worker,+233367197503,yaw.asare508@example.test,2023-04-27 10:05:17.000
OR-C000088,Kwabena,Agyeman,2002-02-25,Ghanaian,Professional,+233396182403,kwabena.agyeman3605@example.test,2023-02-03 17:44:57.000
OR-C000089,Esi,Darko,1968-09-22,Ghanaian,Professional,+233243985092,esi.darko5174@example.test,2025-03-23 18:12:10.000
OR-C000090,Kwame,Agyeman,1969-07-20,Ghanaian,Professional,+233248135887,kwame.agyeman1253@example.test,2024-11-20 09:53:59.000
OR-C000091,Kojo,Arthur,1993-04-09,Ghanaian,Professional,+233259369064,kojo.arthur9448@example.test,2024-04-05 10:55:08.000
OR-C000092,Abena,Agyeman,1979-03-28,Ghanaian,Other,+233345252553,abena.agyeman701@example.test,2023-07-12 11:51:48.000
OR-C000093,Kwadwo,Osei,1962-11-10,Ghanaian,Artisan,+233593045293,kwadwo.osei6119@example.test,2023-08-31 08:00:38.000
OR-C000094,Akosua,Arthur,1980-01-28,Ghanaian,Farmer,+233378385486,akosua.arthur5939@example.test,2024-11-21 14:53:27.000
OR-C000095,Akosua,Amoah,1988-06-05,Ghanaian,Public Servant,+233251948356,akosua.amoah6961@example.test,2024-03-23 15:56:54.000
OR-C000096,Daniel,Mensah,1977-01-21,Ghanaian,Professional,+233458589057,daniel.mensah2231@example.test,2024-11-25 13:30:56.000
OR-C000097,Abena,Owusu,1979-06-28,Ghanaian,Farmer,+233587659961,abena.owusu419@example.test,2023-02-05 17:43:59.000
OR-C000098,Afia,Owusu,1965-05-02,Ghanaian,Professional,+233348706934,afia.owusu151@example.test,2023-05-15 18:37:16.000
OR-C000099,Angela,Quaye,1971-01-25,Ghanaian,Self Employed,+233511031948,angela.quaye5708@example.test,2023-04-08 16:00:19.000
OR-C000100,Mavis,Boateng,1981-08-20,Ghanaian,Artisan,+233283054036,mavis.boateng1843@example.test,2025-01-28 10:40:59.000
OR-C000101,Fiifi,Amoah,1967-11-16,Ghanaian,Artisan,+233558434929,fiifi.amoah2462@example.test,2023-10-20 13:32:16.000
OR-C000102,Mary,Darko,1987-04-22,Ghanaian,Farmer,+233427983814,mary.darko9975@example.test,2024-05-15 16:14:43.000
OR-C000103,Kwabena,Agyeman,1994-07-12,Ghanaian,Student,+233334388797,kwabena.agyeman1468@example.test,2023-02-28 16:20:00.000
OR-C000104,Ama,Adjei,1993-08-24,Ghanaian,Trader,+233280775346,ama.adjei2629@example.test,2025-05-22 17:38:27.000
OR-C000105,Efua,Asare,1994-07-09,Ghanaian,Other,+233206174776,efua.asare7968@example.test,2024-05-01 15:01:59.000
OR-C000106,Yaw,Amoah,1990-08-19,Ghanaian,Artisan,+233316031020,yaw.amoah1364@example.test,2023-01-12 16:26:47.000
OR-C000107,Efua,Adjei,1997-03-28,Ghanaian,Other,+233261904360,efua.adjei9459@example.test,2023-04-15 10:55:50.000
OR-C000108,Esi,Asare,1997-01-17,Ghanaian,Other,+233439206744,esi.asare5309@example.test,2025-03-11 08:12:30.000
OR-C000109,Akosua,Osei,1982-06-10,Ghanaian,Teacher,+233257264755,akosua.osei3440@example.test,2024-08-12 18:56:54.000
OR-C000110,Yaa,Agyeman,1989-02-28,Ghanaian,Driver,+233282631000,yaa.agyeman8056@example.test,2023-11-16 14:49:32.000
OR-C000111,Kwabena,Amoah,1972-07-17,Ghanaian,Farmer,+233356997433,kwabena.amoah6339@example.test,2023-11-05 17:55:27.000
OR-C000112,Mavis,Osei,1986-07-13,Ghanaian,Professional,+233488741431,mavis.osei9902@example.test,2023-02-25 17:37:43.000
OR-C000113,Fiifi,Darko,1978-12-25,Ghanaian,Other,+233244816276,fiifi.darko8824@example.test,2023-10-06 12:46:03.000
OR-C000114,Kojo,Owusu,2000-01-18,Ghanaian,Farmer,+233313509297,kojo.owusu2343@example.test,2025-03-16 11:55:51.000
OR-C000115,Kwabena,Mensah,1969-05-02,Ghanaian,Student,+233243542704,kwabena.mensah4893@example.test,2025-02-26 08:15:49.000
OR-C000116,Yaw,Asare,1965-01-02,Ghanaian,Teacher,+233334851921,yaw.asare1134@example.test,2025-01-25 15:05:24.000
OR-C000117,Emmanuel,Arthur,1976-07-14,Ghanaian,Public Servant,+233539328377,emmanuel.arthur4965@example.test,2025-05-11 11:20:53.000
OR-C000118,Afia,Arthur,1999-03-08,Ghanaian,Artisan,+233209643202,afia.arthur5187@example.test,2025-03-19 09:40:27.000
OR-C000119,Yaw,Arthur,2002-11-02,Ghanaian,Student,+233507988534,yaw.arthur398@example.test,2023-03-26 15:33:14.000
OR-C000120,Ama,Darko,1965-08-15,Ghanaian,Public Servant,+233516903815,ama.darko2171@example.test,2024-06-29 18:54:21.000
OR-C000121,Nana,Asare,1974-02-16,Ghanaian,Professional,+233258428395,nana.asare7809@example.test,2023-01-05 17:52:26.000
OR-C000122,Nana,Quaye,1979-02-20,Ghanaian,Teacher,+233240044317,nana.quaye786@example.test,2023-12-08 18:51:05.000
OR-C000123,Yaw,Boateng,1979-05-14,Ghanaian,Teacher,+233319835131,yaw.boateng3385@example.test,2023-08-22 18:01:42.000
OR-C000124,Angela,Agyeman,1989-05-12,Ghanaian,Student,+233369975085,angela.agyeman4253@example.test,2023-12-25 14:32:30.000
OR-C000125,Kofi,Darko,1971-08-07,Ghanaian,Teacher,+233218728952,kofi.darko2913@example.test,2024-10-02 14:57:35.000
OR-C000126,Ama,Amoah,1987-06-10,Ghanaian,Self Employed,+233434084688,ama.amoah5358@example.test,2023-04-23 13:36:24.000
OR-C000127,Afia,Appiah,1965-03-23,Ghanaian,Health Worker,+233507947858,afia.appiah6441@example.test,2023-10-04 15:26:40.000
OR-C000128,Akosua,Mensah,1974-05-14,Ghanaian,Driver,+233345701263,akosua.mensah6472@example.test,2025-04-07 12:06:01.000
OR-C000129,Yaa,Owusu,1972-04-27,Ghanaian,Student,+233539780485,yaa.owusu4794@example.test,2024-01-22 08:55:37.000
OR-C000130,Kwame,Darko,1964-07-07,Ghanaian,Self Employed,+233278951951,kwame.darko6875@example.test,2025-04-13 09:55:13.000
OR-C000131,Kwadwo,Amoah,1979-06-03,Ghanaian,Student,+233552304288,kwadwo.amoah3537@example.test,2023-10-27 15:50:41.000
OR-C000132,Kojo,Owusu,1973-09-13,Ghanaian,Driver,+233221892640,kojo.owusu3247@example.test,2024-09-30 12:39:20.000
OR-C000133,Michael,Boateng,1978-04-17,Ghanaian,Artisan,+233302215837,michael.boateng4019@example.test,2023-02-25 12:15:58.000
OR-C000134,Kojo,Amoah,1998-06-22,Ghanaian,Teacher,+233574363767,kojo.amoah1129@example.test,2025-03-08 14:44:28.000
OR-C000135,Michael,Mensah,2000-11-27,Ghanaian,Professional,+233225835085,michael.mensah1472@example.test,2025-02-02 13:43:22.000
OR-C000136,Yaw,Appiah,1960-10-04,Ghanaian,Farmer,+233389699446,yaw.appiah3342@example.test,2024-09-17 14:05:55.000
OR-C000137,Kwadwo,Owusu,1969-06-25,Ghanaian,Student,+233372846800,kwadwo.owusu5655@example.test,2025-01-21 10:35:18.000
OR-C000138,Kojo,Quaye,1987-07-03,Ghanaian,Other,+233300017487,kojo.quaye9341@example.test,2024-07-25 17:58:29.000
OR-C000139,Mary,Adjei,1986-08-08,Ghanaian,Artisan,+233297844417,mary.adjei461@example.test,2025-01-28 15:56:58.000
OR-C000140,Efua,Quaye,1965-11-23,Ghanaian,Trader,+233288665626,efua.quaye863@example.test,2025-01-21 08:09:37.000
OR-C000141,Afia,Asare,1992-01-19,Ghanaian,Student,+233274880381,afia.asare9337@example.test,2025-06-07 10:35:31.000
OR-C000142,Kwame,Agyeman,1982-06-09,Ghanaian,Self Employed,+233539391255,kwame.agyeman8754@example.test,2024-11-20 08:28:06.000
OR-C000143,Kwadwo,Boateng,1966-02-24,Ghanaian,Artisan,+233391308919,kwadwo.boateng2922@example.test,2024-01-31 14:37:23.000
OR-C000144,Daniel,Osei,1981-08-13,Ghanaian,Farmer,+233406486894,daniel.osei6292@example.test,2024-09-09 12:33:32.000
OR-C000145,Fiifi,Quaye,1962-09-02,Ghanaian,Public Servant,+233499111865,fiifi.quaye3103@example.test,2025-06-01 08:36:31.000
OR-C000146,Angela,Darko,1990-03-23,Ghanaian,Self Employed,+233256236174,angela.darko9245@example.test,2024-04-22 17:41:57.000
OR-C000147,Nana,Mensah,1982-10-14,Ghanaian,Driver,+233437371644,nana.mensah2286@example.test,2024-05-10 09:21:20.000
OR-C000148,Kojo,Arthur,1965-06-26,Ghanaian,Driver,+233267979048,kojo.arthur3193@example.test,2024-03-30 11:44:34.000
OR-C000149,Emmanuel,Darko,1972-03-26,Ghanaian,Artisan,+233524824900,emmanuel.darko4017@example.test,2025-06-11 15:57:10.000
OR-C000150,Samuel,Owusu,1983-02-24,Ghanaian,Self Employed,+233362919928,samuel.owusu3562@example.test,2023-02-25 14:24:49.000
OR-C000151,Akosua,Osei,2001-03-16,Ghanaian,Self Employed,+233303668105,akosua.osei5433@example.test,2024-05-06 15:04:12.000
OR-C000152,Mavis,Agyeman,1963-10-02,Ghanaian,Teacher,+233281700321,mavis.agyeman3745@example.test,2023-05-10 11:32:26.000
OR-C000153,Grace,Osei,1975-01-04,Ghanaian,Driver,+233428868487,grace.osei1107@example.test,2024-11-16 10:18:21.000
OR-C000154,Adwoa,Boateng,2002-09-25,Ghanaian,Trader,+233344797203,adwoa.boateng4087@example.test,2023-05-11 09:20:15.000
OR-C000155,Kofi,Mensah,1982-01-27,Ghanaian,Health Worker,+233424672466,kofi.mensah6981@example.test,2025-05-20 11:58:58.000
OR-C000156,Esi,Boateng,2002-01-09,Ghanaian,Student,+233417343876,esi.boateng6630@example.test,2025-06-12 12:48:00.000
OR-C000157,Kofi,Owusu,1981-01-05,Ghanaian,Driver,+233512012220,kofi.owusu3886@example.test,2024-07-12 08:37:32.000
OR-C000158,Nana,Amoah,1987-11-10,Ghanaian,Other,+233313603577,nana.amoah3941@example.test,2024-08-28 12:17:39.000
OR-C000159,Kwadwo,Owusu,1965-09-03,Ghanaian,Artisan,+233409021299,kwadwo.owusu8974@example.test,2025-05-16 08:03:38.000
OR-C000160,Ama,Osei,2003-06-27,Ghanaian,Professional,+233423935362,ama.osei590@example.test,2025-04-06 09:46:57.000
OR-C000161,Ama,Mensah,1982-07-19,Ghanaian,Farmer,+233376131205,ama.mensah5091@example.test,2023-07-03 11:42:13.000
OR-C000162,Adwoa,Arthur,1968-07-02,Ghanaian,Farmer,+233501318109,adwoa.arthur5661@example.test,2023-01-22 17:25:42.000
OR-C000163,Mary,Adjei,1997-01-23,Ghanaian,Public Servant,+233345800333,mary.adjei9540@example.test,2025-05-23 14:01:43.000
OR-C000164,Mavis,Amoah,1997-02-02,Ghanaian,Farmer,+233559076082,mavis.amoah2713@example.test,2025-01-21 08:36:27.000
OR-C000165,Fiifi,Osei,1984-12-07,Ghanaian,Teacher,+233219337153,fiifi.osei3813@example.test,2023-12-04 10:57:33.000
OR-C000166,Yaa,Arthur,1960-05-18,Ghanaian,Other,+233468916180,yaa.arthur7856@example.test,2023-01-22 09:03:08.000
OR-C000167,Nana,Boateng,1961-01-05,Ghanaian,Teacher,+233431667920,nana.boateng4085@example.test,2023-09-17 18:03:49.000
OR-C000168,Kojo,Asare,1987-10-17,Ghanaian,Teacher,+233543714967,kojo.asare4921@example.test,2023-08-27 12:04:02.000
OR-C000169,Afia,Darko,1961-03-18,Ghanaian,Student,+233498303301,afia.darko1196@example.test,2025-03-08 08:31:45.000
OR-C000170,Afia,Amoah,1966-02-09,Ghanaian,Health Worker,+233329315605,afia.amoah6753@example.test,2025-04-16 16:53:06.000
OR-C000171,Kwabena,Appiah,1996-02-03,Ghanaian,Professional,+233434414290,kwabena.appiah3910@example.test,2024-05-02 09:46:01.000
OR-C000172,Ama,Agyeman,1986-11-18,Ghanaian,Public Servant,+233317279419,ama.agyeman163@example.test,2025-05-20 17:44:23.000
OR-C000173,Akosua,Agyeman,1983-05-01,Ghanaian,Artisan,+233220831515,akosua.agyeman6131@example.test,2024-10-08 10:34:07.000
OR-C000174,Yaw,Asare,1983-06-25,Ghanaian,Health Worker,+233447079471,yaw.asare3505@example.test,2024-04-08 15:36:13.000
OR-C000175,Afia,Arthur,1998-03-21,Ghanaian,Health Worker,+233439120977,afia.arthur5667@example.test,2023-06-17 09:08:20.000
OR-C000176,Mavis,Asare,1990-02-05,Ghanaian,Trader,+233471733703,mavis.asare3086@example.test,2025-03-31 08:10:03.000
OR-C000177,Yaa,Arthur,1966-06-05,Ghanaian,Driver,+233349871829,yaa.arthur4071@example.test,2024-02-29 10:09:10.000
OR-C000178,Mavis,Mensah,1997-07-05,Ghanaian,Teacher,+233524922527,mavis.mensah2876@example.test,2023-09-22 09:09:50.000
OR-C000179,Ama,Adjei,1972-04-18,Ghanaian,Driver,+233491485705,ama.adjei2316@example.test,2023-08-17 15:36:05.000
OR-C000180,Samuel,Appiah,2004-07-14,Ghanaian,Public Servant,+233276853334,samuel.appiah4467@example.test,2023-08-09 16:53:49.000
OR-C000181,Adwoa,Adjei,1968-09-14,Ghanaian,Artisan,+233586287091,adwoa.adjei1981@example.test,2023-03-24 11:40:05.000
OR-C000182,Michael,Darko,1994-09-26,Ghanaian,Driver,+233320472055,michael.darko7999@example.test,2023-05-15 14:51:50.000
OR-C000183,Afia,Adjei,1996-11-12,Ghanaian,Student,+233346255300,afia.adjei7347@example.test,2024-06-18 16:35:05.000
OR-C000184,Yaa,Quaye,1964-08-23,Ghanaian,Driver,+233309851083,yaa.quaye139@example.test,2025-01-20 16:40:39.000
OR-C000185,Yaa,Arthur,1992-12-15,Ghanaian,Health Worker,+233236735795,yaa.arthur3163@example.test,2024-01-27 09:37:19.000
OR-C000186,Abena,Agyeman,1987-06-16,Ghanaian,Student,+233451514658,abena.agyeman95@example.test,2024-10-28 13:39:31.000
OR-C000187,Samuel,Quaye,1964-05-16,Ghanaian,Other,+233298865141,samuel.quaye193@example.test,2023-03-16 10:19:49.000
OR-C000188,Emmanuel,Mensah,1963-10-23,Ghanaian,Self Employed,+233266327451,emmanuel.mensah4899@example.test,2025-02-25 13:50:26.000
OR-C000189,Angela,Asare,1983-01-01,Ghanaian,Trader,+233304301782,angela.asare8294@example.test,2024-01-10 15:38:02.000
OR-C000190,Kofi,Arthur,1977-11-11,Ghanaian,Self Employed,+233350411894,kofi.arthur8505@example.test,2023-08-01 17:22:18.000
OR-C000191,Grace,Darko,1982-06-21,Ghanaian,Teacher,+233213420931,grace.darko160@example.test,2023-02-06 11:46:39.000
OR-C000192,Abena,Asare,2003-03-08,Ghanaian,Trader,+233513773773,abena.asare2430@example.test,2024-04-09 17:22:13.000
OR-C000193,Nana,Appiah,1977-08-20,Ghanaian,Health Worker,+233456517931,nana.appiah6106@example.test,2025-05-20 14:12:53.000
OR-C000194,Ama,Asare,1999-11-27,Ghanaian,Farmer,+233551700914,ama.asare8135@example.test,2025-03-19 10:15:19.000
OR-C000195,Yaw,Quaye,1993-12-05,Ghanaian,Teacher,+233259586980,yaw.quaye4477@example.test,2024-02-26 09:45:14.000
OR-C000196,Afia,Asare,1964-05-10,Ghanaian,Student,+233422476991,afia.asare6843@example.test,2025-06-14 11:33:32.000
OR-C000197,Adwoa,Appiah,1971-02-28,Ghanaian,Trader,+233449088081,adwoa.appiah3339@example.test,2024-12-27 11:16:50.000
OR-C000198,Mary,Osei,1994-07-17,Ghanaian,Self Employed,+233592770475,mary.osei4987@example.test,2023-04-28 16:33:06.000
OR-C000199,Mary,Osei,1967-01-17,Ghanaian,Other,+233452791493,mary.osei4111@example.test,2024-12-22 12:36:31.000
OR-C000200,Esi,Osei,1962-02-02,Ghanaian,Other,+233470973660,esi.osei1870@example.test,2024-05-07 13:19:25.000
OR-C000201,Angela,Owusu,2001-02-03,Ghanaian,Self Employed,+233240803067,angela.owusu493@example.test,2025-01-11 14:32:48.000
OR-C000202,Efua,Adjei,1997-11-23,Ghanaian,Artisan,+233226780551,efua.adjei804@example.test,2024-02-25 15:26:02.000
OR-C000203,Michael,Arthur,1995-11-10,Ghanaian,Public Servant,+233256123683,michael.arthur385@example.test,2023-04-07 16:05:39.000
OR-C000204,Kofi,Amoah,1983-10-18,Ghanaian,Self Employed,+233324042707,kofi.amoah4597@example.test,2025-01-13 09:24:28.000
OR-C000205,Nana,Mensah,1989-12-09,Ghanaian,Student,+233403597221,nana.mensah455@example.test,2023-05-09 18:07:22.000
OR-C000206,Emmanuel,Agyeman,1983-03-05,Ghanaian,Artisan,+233226008830,emmanuel.agyeman8413@example.test,2023-05-03 15:18:04.000
OR-C000207,Kwabena,Agyeman,1973-04-26,Ghanaian,Teacher,+233273956864,kwabena.agyeman8402@example.test,2025-03-12 12:20:22.000
OR-C000208,Kofi,Mensah,1965-03-19,Ghanaian,Health Worker,+233500024571,kofi.mensah5482@example.test,2024-09-07 08:23:28.000
OR-C000209,Fiifi,Mensah,2003-03-06,Ghanaian,Health Worker,+233483484498,fiifi.mensah395@example.test,2023-01-30 10:17:15.000
OR-C000210,Yaa,Boateng,1972-05-16,Ghanaian,Self Employed,+233496893992,yaa.boateng7576@example.test,2024-07-08 14:57:38.000
OR-C000211,Kwadwo,Appiah,1995-05-05,Ghanaian,Professional,+233201332200,kwadwo.appiah4638@example.test,2024-05-04 17:45:47.000
OR-C000212,Nana,Amoah,1975-06-18,Ghanaian,Health Worker,+233389562705,nana.amoah9229@example.test,2025-04-22 13:37:53.000
OR-C000213,Esi,Mensah,1974-02-09,Ghanaian,Other,+233272892528,esi.mensah5190@example.test,2024-08-16 13:06:22.000
OR-C000214,Ama,Quaye,1966-07-21,Ghanaian,Other,+233508463327,ama.quaye1366@example.test,2024-09-12 09:27:50.000
OR-C000215,Samuel,Appiah,1978-03-10,Ghanaian,Public Servant,+233457858107,samuel.appiah4961@example.test,2025-05-15 12:24:14.000
OR-C000216,Adwoa,Appiah,1961-02-18,Ghanaian,Self Employed,+233469963732,adwoa.appiah1748@example.test,2023-02-14 13:34:51.000
OR-C000217,Daniel,Darko,1971-04-27,Ghanaian,Student,+233580381288,daniel.darko6779@example.test,2024-03-12 10:51:16.000
OR-C000218,Kofi,Owusu,2003-03-23,Ghanaian,Self Employed,+233400076863,kofi.owusu6648@example.test,2023-02-27 17:54:22.000
OR-C000219,Emmanuel,Arthur,1985-12-16,Ghanaian,Driver,+233254231392,emmanuel.arthur1209@example.test,2023-02-03 09:02:43.000
OR-C000220,Mavis,Amoah,1969-10-04,Ghanaian,Student,+233584563061,mavis.amoah4840@example.test,2024-04-23 18:26:58.000
OR-C000221,Angela,Mensah,1980-05-26,Ghanaian,Farmer,+233485551202,angela.mensah6241@example.test,2023-05-23 17:23:30.000
OR-C000222,Kwabena,Mensah,1977-04-16,Ghanaian,Trader,+233317273865,kwabena.mensah4848@example.test,2023-03-02 15:41:06.000
OR-C000223,Afia,Agyeman,1991-03-28,Ghanaian,Student,+233229380734,afia.agyeman4352@example.test,2025-05-20 14:22:03.000
OR-C000224,Grace,Asare,1987-10-09,Ghanaian,Driver,+233411240132,grace.asare8549@example.test,2024-10-03 17:31:57.000
OR-C000225,Samuel,Arthur,1989-08-25,Ghanaian,Trader,+233241293648,samuel.arthur8164@example.test,2024-01-19 16:45:33.000
OR-C000226,Yaa,Boateng,1965-06-19,Ghanaian,Self Employed,+233515374040,yaa.boateng8518@example.test,2023-09-17 10:15:37.000
OR-C000227,Mavis,Appiah,1975-02-14,Ghanaian,Farmer,+233538336885,mavis.appiah7658@example.test,2023-12-10 08:36:01.000
OR-C000228,Kwame,Owusu,2003-05-28,Ghanaian,Professional,+233581115904,kwame.owusu7947@example.test,2023-08-03 08:55:56.000
OR-C000229,Ama,Appiah,1988-10-16,Ghanaian,Other,+233413162404,ama.appiah2769@example.test,2023-05-01 14:32:32.000
OR-C000230,Abena,Quaye,1993-06-17,Ghanaian,Teacher,+233362252609,abena.quaye3720@example.test,2023-05-28 10:58:46.000
OR-C000231,Nana,Darko,2003-06-27,Ghanaian,Student,+233502977231,nana.darko302@example.test,2025-03-04 16:07:41.000
OR-C000232,Akosua,Quaye,1984-01-28,Ghanaian,Professional,+233360304478,akosua.quaye8086@example.test,2023-04-11 12:26:26.000
OR-C000233,Kofi,Darko,1995-02-28,Ghanaian,Public Servant,+233203243454,kofi.darko1615@example.test,2025-05-05 08:49:49.000
OR-C000234,Esi,Arthur,1984-08-02,Ghanaian,Public Servant,+233350350592,esi.arthur9572@example.test,2023-04-21 11:36:21.000
OR-C000235,Akosua,Mensah,1973-11-14,Ghanaian,Trader,+233553741801,akosua.mensah1520@example.test,2023-01-13 10:19:32.000
OR-C000236,Fiifi,Quaye,1972-07-15,Ghanaian,Self Employed,+233490827287,fiifi.quaye3704@example.test,2024-09-10 12:42:14.000
OR-C000237,Mary,Appiah,1993-06-05,Ghanaian,Health Worker,+233259020193,mary.appiah895@example.test,2023-06-17 17:17:14.000
OR-C000238,Akosua,Asare,2004-03-05,Ghanaian,Student,+233527005205,akosua.asare433@example.test,2025-01-03 09:13:14.000
OR-C000239,Daniel,Asare,1987-09-09,Ghanaian,Self Employed,+233454633666,daniel.asare9375@example.test,2024-07-22 13:23:36.000
OR-C000240,Mavis,Arthur,1993-08-22,Ghanaian,Artisan,+233357500422,mavis.arthur3914@example.test,2023-03-07 08:12:35.000
OR-C000241,Mavis,Quaye,1996-01-24,Ghanaian,Self Employed,+233544040638,mavis.quaye6140@example.test,2024-05-07 12:55:06.000
OR-C000242,Fiifi,Amoah,1964-02-07,Ghanaian,Public Servant,+233497048614,fiifi.amoah9897@example.test,2024-03-24 13:16:00.000
OR-C000243,Angela,Darko,1972-11-19,Ghanaian,Farmer,+233222254234,angela.darko5358@example.test,2025-05-25 14:48:46.000
OR-C000244,Emmanuel,Quaye,1982-08-20,Ghanaian,Driver,+233478471803,emmanuel.quaye3978@example.test,2025-05-08 11:40:40.000
OR-C000245,Angela,Agyeman,1971-06-17,Ghanaian,Other,+233527498602,angela.agyeman9582@example.test,2023-07-12 16:54:19.000
OR-C000246,Angela,Amoah,1967-09-14,Ghanaian,Trader,+233323264553,angela.amoah2967@example.test,2023-02-02 14:35:04.000
OR-C000247,Yaa,Darko,1970-07-10,Ghanaian,Artisan,+233575518175,yaa.darko8021@example.test,2023-07-05 11:46:43.000
OR-C000248,Mary,Quaye,2003-05-20,Ghanaian,Teacher,+233304848888,mary.quaye6870@example.test,2024-02-01 16:01:12.000
OR-C000249,Efua,Appiah,2000-08-10,Ghanaian,Professional,+233309699408,efua.appiah3789@example.test,2025-06-05 16:08:05.000
OR-C000250,Samuel,Arthur,1988-05-02,Ghanaian,Health Worker,+233440172537,samuel.arthur4776@example.test,2024-06-08 13:55:55.000
OR-C000251,Esi,Appiah,1998-03-11,Ghanaian,Trader,+233272520270,esi.appiah433@example.test,2024-09-04 17:29:46.000
OR-C000252,Nana,Appiah,1988-05-10,Ghanaian,Trader,+233556065190,nana.appiah6168@example.test,2024-03-11 15:15:03.000
OR-C000253,Kofi,Asare,1975-09-28,Ghanaian,Driver,+233331929616,kofi.asare8237@example.test,2023-02-26 10:51:27.000
OR-C000254,Afia,Amoah,1998-01-26,Ghanaian,Artisan,+233465123513,afia.amoah9577@example.test,2023-07-27 15:15:14.000
OR-C000255,Samuel,Appiah,1995-04-07,Ghanaian,Public Servant,+233544504931,samuel.appiah2947@example.test,2023-10-09 11:22:11.000
OR-C000256,Kojo,Osei,1975-10-07,Ghanaian,Teacher,+233230143276,kojo.osei7506@example.test,2025-03-10 09:28:07.000
OR-C000257,Kofi,Osei,1982-12-12,Ghanaian,Professional,+233298643775,kofi.osei9261@example.test,2025-03-01 11:16:32.000
OR-C000258,Angela,Mensah,1994-09-08,Ghanaian,Health Worker,+233246729244,angela.mensah1915@example.test,2024-11-25 17:50:41.000
OR-C000259,Efua,Mensah,1988-12-15,Ghanaian,Professional,+233375892810,efua.mensah9848@example.test,2023-07-25 12:11:56.000
OR-C000260,Michael,Quaye,1962-05-17,Ghanaian,Artisan,+233491859073,michael.quaye7458@example.test,2023-07-11 13:21:35.000
OR-C000261,Kwadwo,Owusu,1960-05-20,Ghanaian,Teacher,+233212094741,kwadwo.owusu2101@example.test,2023-08-01 10:02:26.000
OR-C000262,Kwadwo,Darko,1970-12-20,Ghanaian,Other,+233573219174,kwadwo.darko6681@example.test,2023-03-17 09:48:09.000
OR-C000263,Mavis,Darko,1975-01-23,Ghanaian,Health Worker,+233454477139,mavis.darko890@example.test,2023-06-03 18:59:32.000
OR-C000264,Afia,Arthur,1982-08-22,Ghanaian,Driver,+233328334879,afia.arthur3624@example.test,2024-09-13 16:32:42.000
OR-C000265,Mavis,Adjei,1986-03-27,Ghanaian,Self Employed,+233214717791,mavis.adjei6164@example.test,2023-09-19 16:54:25.000
OR-C000266,Kwame,Agyeman,1992-12-23,Ghanaian,Health Worker,+233416935893,kwame.agyeman963@example.test,2023-05-07 16:38:38.000
OR-C000267,Efua,Darko,1969-11-25,Ghanaian,Self Employed,+233445082613,efua.darko4895@example.test,2024-07-27 18:27:33.000
OR-C000268,Samuel,Appiah,2000-08-20,Ghanaian,Health Worker,+233290207111,samuel.appiah9261@example.test,2025-04-05 16:53:10.000
OR-C000269,Nana,Appiah,1969-09-20,Ghanaian,Health Worker,+233554604590,nana.appiah9130@example.test,2025-01-24 17:24:10.000
OR-C000270,Yaa,Asare,2001-09-20,Ghanaian,Self Employed,+233340805716,yaa.asare2588@example.test,2025-01-25 11:54:01.000
OR-C000271,Daniel,Amoah,1987-07-01,Ghanaian,Self Employed,+233571435834,daniel.amoah9764@example.test,2024-07-15 18:22:50.000
OR-C000272,Mary,Boateng,1988-06-05,Ghanaian,Trader,+233222447428,mary.boateng8050@example.test,2023-11-11 08:06:00.000
OR-C000273,Ama,Adjei,1966-08-23,Ghanaian,Teacher,+233375812912,ama.adjei7416@example.test,2024-09-02 09:41:41.000
OR-C000274,Samuel,Osei,1976-07-22,Ghanaian,Other,+233472199122,samuel.osei5210@example.test,2025-01-23 11:27:36.000
OR-C000275,Nana,Arthur,1996-07-19,Ghanaian,Other,+233368948186,nana.arthur3896@example.test,2024-11-12 13:31:26.000
OR-C000276,Yaw,Amoah,1965-02-15,Ghanaian,Artisan,+233512239397,yaw.amoah549@example.test,2024-09-08 11:33:40.000
OR-C000277,Kwabena,Osei,1983-09-28,Ghanaian,Trader,+233299886189,kwabena.osei1366@example.test,2025-03-17 17:33:06.000
OR-C000278,Emmanuel,Quaye,1999-07-09,Ghanaian,Self Employed,+233593676534,emmanuel.quaye6803@example.test,2023-10-13 17:16:14.000
OR-C000279,Angela,Asare,2001-08-22,Ghanaian,Driver,+233257065997,angela.asare9811@example.test,2023-10-31 10:57:07.000
OR-C000280,Mary,Asare,1974-11-27,Ghanaian,Other,+233382620907,mary.asare5454@example.test,2023-10-16 10:21:15.000
OR-C000281,Yaw,Osei,1972-11-25,Ghanaian,Farmer,+233320012931,yaw.osei1257@example.test,2024-03-16 17:04:09.000
OR-C000282,Nana,Mensah,2002-10-11,Ghanaian,Driver,+233406598429,nana.mensah2130@example.test,2024-11-03 09:07:59.000
OR-C000283,Efua,Adjei,1983-05-19,Ghanaian,Driver,+233368308994,efua.adjei6873@example.test,2024-02-04 14:55:27.000
OR-C000284,Ama,Boateng,2004-03-13,Ghanaian,Student,+233235746855,ama.boateng6185@example.test,2023-03-17 11:54:50.000
OR-C000285,Fiifi,Mensah,2004-07-14,Ghanaian,Health Worker,+233557097362,fiifi.mensah1364@example.test,2025-05-28 11:47:24.000
OR-C000286,Daniel,Agyeman,2002-01-22,Ghanaian,Teacher,+233383251743,daniel.agyeman7544@example.test,2024-03-20 14:21:31.000
OR-C000287,Samuel,Quaye,2000-12-16,Ghanaian,Self Employed,+233542399551,samuel.quaye3519@example.test,2025-04-02 16:25:50.000
OR-C000288,Yaw,Osei,1962-05-11,Ghanaian,Driver,+233252983085,yaw.osei8786@example.test,2023-09-10 14:26:58.000
OR-C000289,Efua,Mensah,1970-08-23,Ghanaian,Professional,+233217227518,efua.mensah8053@example.test,2023-06-06 17:04:34.000
OR-C000290,Kwadwo,Amoah,1964-10-08,Ghanaian,Student,+233420439681,kwadwo.amoah6651@example.test,2023-06-04 18:51:38.000
OR-C000291,Kojo,Quaye,1973-01-11,Ghanaian,Self Employed,+233320452380,kojo.quaye5195@example.test,2023-03-02 18:39:45.000
OR-C000292,Kwadwo,Darko,2001-08-15,Ghanaian,Other,+233274611936,kwadwo.darko3357@example.test,2023-01-20 16:06:51.000
OR-C000293,Kwabena,Arthur,1969-05-04,Ghanaian,Public Servant,+233348717627,kwabena.arthur127@example.test,2025-05-24 14:06:02.000
OR-C000294,Afia,Owusu,2000-04-05,Ghanaian,Farmer,+233567732272,afia.owusu1812@example.test,2023-05-13 10:09:55.000
OR-C000295,Kwame,Asare,1984-08-13,Ghanaian,Student,+233487302721,kwame.asare9627@example.test,2025-03-31 15:35:57.000
OR-C000296,Kwadwo,Osei,1976-11-27,Ghanaian,Student,+233329372029,kwadwo.osei2291@example.test,2025-01-29 16:11:46.000
OR-C000297,Mavis,Boateng,1982-06-04,Ghanaian,Other,+233384684773,mavis.boateng7736@example.test,2024-06-08 15:10:08.000
OR-C000298,Daniel,Mensah,1962-09-07,Ghanaian,Professional,+233266925176,daniel.mensah951@example.test,2024-08-18 14:55:04.000
OR-C000299,Fiifi,Adjei,1985-03-12,Ghanaian,Health Worker,+233596435267,fiifi.adjei5707@example.test,2023-03-24 17:20:58.000
OR-C000300,Esi,Quaye,1983-12-24,Ghanaian,Farmer,+233590629653,esi.quaye1826@example.test,2023-04-17 10:50:26.000
OR-C000301,Mary,Asare,1977-04-12,Ghanaian,Public Servant,+233378463297,mary.asare9954@example.test,2025-04-12 18:11:31.000
OR-C000302,Kwame,Arthur,1960-01-24,Ghanaian,Trader,+233373397415,kwame.arthur2346@example.test,2023-04-21 16:38:29.000
OR-C000303,Kwame,Boateng,1996-11-24,Ghanaian,Public Servant,+233394731626,kwame.boateng9753@example.test,2023-05-09 12:27:06.000
OR-C000304,Yaw,Quaye,1996-02-16,Ghanaian,Driver,+233448799792,yaw.quaye5325@example.test,2023-06-22 16:20:04.000
OR-C000305,Yaa,Quaye,1976-02-01,Ghanaian,Public Servant,+233343636414,yaa.quaye911@example.test,2024-03-30 10:06:44.000
OR-C000306,Abena,Arthur,1962-04-12,Ghanaian,Farmer,+233549073537,abena.arthur7002@example.test,2024-05-14 13:24:17.000
OR-C000307,Efua,Adjei,1998-07-02,Ghanaian,Student,+233237787561,efua.adjei6114@example.test,2024-03-11 16:51:55.000
OR-C000308,Daniel,Boateng,1987-03-19,Ghanaian,Public Servant,+233286666072,daniel.boateng8596@example.test,2024-04-12 10:24:26.000
OR-C000309,Kwabena,Adjei,1966-09-17,Ghanaian,Artisan,+233416846511,kwabena.adjei8008@example.test,2025-01-05 17:12:39.000
OR-C000310,Emmanuel,Mensah,1972-06-23,Ghanaian,Health Worker,+233564247621,emmanuel.mensah9250@example.test,2024-02-10 18:15:47.000
OR-C000311,Samuel,Agyeman,1962-10-11,Ghanaian,Trader,+233526156730,samuel.agyeman3015@example.test,2023-10-31 18:24:40.000
OR-C000312,Michael,Osei,1965-12-20,Ghanaian,Student,+233513633629,michael.osei13@example.test,2024-10-09 16:04:10.000
OR-C000313,Angela,Osei,1965-04-04,Ghanaian,Student,+233486971295,angela.osei9982@example.test,2025-03-27 10:50:01.000
OR-C000314,Kwabena,Owusu,1970-10-03,Ghanaian,Farmer,+233443642031,kwabena.owusu6824@example.test,2023-09-06 09:54:24.000
OR-C000315,Emmanuel,Quaye,1991-02-08,Ghanaian,Teacher,+233376566930,emmanuel.quaye5037@example.test,2023-02-12 12:39:43.000
OR-C000316,Yaa,Amoah,1969-01-25,Ghanaian,Public Servant,+233565357249,yaa.amoah6966@example.test,2024-09-27 16:57:18.000
OR-C000317,Samuel,Adjei,1961-03-24,Ghanaian,Self Employed,+233376039077,samuel.adjei7843@example.test,2024-08-09 11:56:45.000
OR-C000318,Emmanuel,Owusu,1961-12-19,Ghanaian,Professional,+233404516595,emmanuel.owusu9237@example.test,2025-01-02 16:54:06.000
OR-C000319,Kwame,Darko,1968-02-06,Ghanaian,Trader,+233315947237,kwame.darko3849@example.test,2025-03-07 17:13:10.000
OR-C000320,Emmanuel,Arthur,2003-07-18,Ghanaian,Student,+233214363259,emmanuel.arthur1939@example.test,2023-12-31 08:13:37.000
OR-C000321,Michael,Osei,1991-11-15,Ghanaian,Driver,+233339488523,michael.osei4572@example.test,2023-04-26 15:37:40.000
OR-C000322,Michael,Darko,2004-09-02,Ghanaian,Student,+233329743119,michael.darko5036@example.test,2024-02-16 17:01:51.000
OR-C000323,Samuel,Amoah,1977-04-03,Ghanaian,Health Worker,+233289112279,samuel.amoah6565@example.test,2024-02-13 08:34:11.000
OR-C000324,Mary,Boateng,1972-05-25,Ghanaian,Other,+233387182881,mary.boateng4241@example.test,2024-01-20 09:46:31.000
OR-C000325,Adwoa,Darko,1986-12-20,Ghanaian,Student,+233421853421,adwoa.darko4486@example.test,2025-01-01 09:36:20.000
OR-C000326,Akosua,Adjei,1978-06-08,Ghanaian,Professional,+233282877072,akosua.adjei4492@example.test,2023-07-22 15:57:37.000
OR-C000327,Adwoa,Boateng,1980-09-01,Ghanaian,Health Worker,+233519387240,adwoa.boateng7941@example.test,2024-12-05 12:10:26.000
OR-C000328,Akosua,Amoah,1969-07-14,Ghanaian,Professional,+233331539962,akosua.amoah4824@example.test,2025-01-06 09:21:42.000
OR-C000329,Kojo,Arthur,1966-06-17,Ghanaian,Trader,+233574070713,kojo.arthur3778@example.test,2024-01-29 13:14:55.000
OR-C000330,Grace,Agyeman,1993-09-06,Ghanaian,Health Worker,+233269223124,grace.agyeman9921@example.test,2023-03-29 09:51:17.000
OR-C000331,Daniel,Darko,1973-06-18,Ghanaian,Trader,+233212895785,daniel.darko1626@example.test,2023-02-23 09:21:56.000
OR-C000332,Kojo,Appiah,1963-11-11,Ghanaian,Health Worker,+233561307854,kojo.appiah7567@example.test,2023-12-27 12:32:26.000
OR-C000333,Angela,Darko,1985-08-17,Ghanaian,Health Worker,+233567132754,angela.darko3923@example.test,2024-11-10 09:24:52.000
OR-C000334,Kojo,Amoah,1976-11-03,Ghanaian,Other,+233287832469,kojo.amoah9183@example.test,2023-12-15 12:57:56.000
OR-C000335,Abena,Darko,1988-03-08,Ghanaian,Self Employed,+233209747794,abena.darko2751@example.test,2023-10-12 11:54:22.000
OR-C000336,Kojo,Adjei,1976-08-11,Ghanaian,Professional,+233295978536,kojo.adjei3929@example.test,2023-12-29 09:52:42.000
OR-C000337,Kwabena,Amoah,2003-04-04,Ghanaian,Other,+233434563120,kwabena.amoah5382@example.test,2024-09-15 09:10:22.000
OR-C000338,Yaa,Adjei,1975-08-02,Ghanaian,Self Employed,+233291446523,yaa.adjei2829@example.test,2023-08-02 18:31:44.000
OR-C000339,Mary,Asare,1965-12-21,Ghanaian,Trader,+233213200883,mary.asare861@example.test,2024-01-30 16:49:36.000
OR-C000340,Daniel,Adjei,1993-11-23,Ghanaian,Teacher,+233443514739,daniel.adjei8951@example.test,2025-03-16 18:38:53.000
OR-C000341,Yaw,Quaye,1978-04-14,Ghanaian,Driver,+233225013975,yaw.quaye8944@example.test,2024-09-16 16:05:51.000
OR-C000342,Emmanuel,Arthur,1961-01-06,Ghanaian,Self Employed,+233401392279,emmanuel.arthur2821@example.test,2024-12-04 09:37:18.000
OR-C000343,Nana,Darko,1994-01-07,Ghanaian,Other,+233380956028,nana.darko7493@example.test,2023-03-18 09:33:23.000
OR-C000344,Mavis,Adjei,1997-11-02,Ghanaian,Driver,+233398418666,mavis.adjei8087@example.test,2023-11-30 17:38:57.000
OR-C000345,Kwadwo,Mensah,1979-06-08,Ghanaian,Trader,+233505532635,kwadwo.mensah5693@example.test,2024-03-01 12:31:53.000
OR-C000346,Fiifi,Adjei,1987-07-06,Ghanaian,Teacher,+233490419385,fiifi.adjei8757@example.test,2024-11-17 15:52:34.000
OR-C000347,Emmanuel,Appiah,2004-05-08,Ghanaian,Student,+233403037275,emmanuel.appiah2857@example.test,2024-09-29 15:47:08.000
OR-C000348,Daniel,Appiah,1999-07-14,Ghanaian,Trader,+233340023048,daniel.appiah6325@example.test,2024-11-08 10:08:22.000
OR-C000349,Grace,Darko,1988-08-07,Ghanaian,Trader,+233266427454,grace.darko3518@example.test,2023-01-23 17:20:41.000
OR-C000350,Samuel,Mensah,1971-10-26,Ghanaian,Farmer,+233217637240,samuel.mensah8666@example.test,2024-03-06 13:00:29.000
OR-C000351,Samuel,Adjei,1972-01-04,Ghanaian,Trader,+233464979773,samuel.adjei6259@example.test,2024-07-18 12:42:47.000
OR-C000352,Kwadwo,Adjei,1991-05-14,Ghanaian,Trader,+233503106788,kwadwo.adjei4786@example.test,2023-02-23 17:50:24.000
OR-C000353,Ama,Owusu,1985-09-16,Ghanaian,Health Worker,+233488463420,ama.owusu5635@example.test,2023-10-31 17:38:51.000
OR-C000354,Yaw,Amoah,1974-11-01,Ghanaian,Health Worker,+233534253291,yaw.amoah593@example.test,2025-03-10 14:02:30.000
OR-C000355,Akosua,Asare,1967-09-10,Ghanaian,Professional,+233319955902,akosua.asare6495@example.test,2025-06-12 13:47:03.000
OR-C000356,Kofi,Darko,1989-07-27,Ghanaian,Professional,+233391165202,kofi.darko8133@example.test,2024-12-20 11:13:21.000
OR-C000357,Mary,Asare,1993-11-23,Ghanaian,Health Worker,+233317871674,mary.asare2816@example.test,2024-12-26 11:35:43.000
OR-C000358,Kofi,Boateng,1963-06-14,Ghanaian,Artisan,+233416332562,kofi.boateng9285@example.test,2023-09-27 17:49:55.000
OR-C000359,Samuel,Amoah,2000-01-17,Ghanaian,Artisan,+233284966579,samuel.amoah6737@example.test,2023-08-11 17:46:48.000
OR-C000360,Yaa,Boateng,1980-10-04,Ghanaian,Self Employed,+233263187674,yaa.boateng3545@example.test,2024-12-27 13:36:42.000
OR-C000361,Samuel,Appiah,1970-06-01,Ghanaian,Public Servant,+233258784975,samuel.appiah8338@example.test,2024-01-27 18:19:30.000
OR-C000362,Daniel,Adjei,1972-08-25,Ghanaian,Other,+233304580833,daniel.adjei9043@example.test,2023-07-04 15:11:53.000
OR-C000363,Kwadwo,Appiah,1979-03-28,Ghanaian,Public Servant,+233302792093,kwadwo.appiah5580@example.test,2023-07-09 11:09:34.000
OR-C000364,Nana,Agyeman,1990-06-20,Ghanaian,Driver,+233490591792,nana.agyeman6819@example.test,2023-10-20 16:05:04.000
OR-C000365,Grace,Darko,1989-01-14,Ghanaian,Professional,+233456065539,grace.darko4257@example.test,2023-12-26 14:19:37.000
OR-C000366,Adwoa,Asare,1974-08-26,Ghanaian,Farmer,+233373054723,adwoa.asare9281@example.test,2024-11-24 16:21:53.000
OR-C000367,Esi,Amoah,1960-01-08,Ghanaian,Driver,+233563874504,esi.amoah258@example.test,2024-03-16 09:42:33.000
OR-C000368,Adwoa,Osei,2003-08-21,Ghanaian,Public Servant,+233240791256,adwoa.osei6995@example.test,2024-09-25 09:18:15.000
OR-C000369,Mary,Boateng,1963-01-20,Ghanaian,Self Employed,+233588495576,mary.boateng8117@example.test,2024-11-03 17:21:51.000
OR-C000370,Samuel,Amoah,1962-08-06,Ghanaian,Professional,+233254840755,samuel.amoah3277@example.test,2023-07-03 11:40:42.000
OR-C000371,Ama,Adjei,1995-04-19,Ghanaian,Farmer,+233313391378,ama.adjei826@example.test,2025-02-14 08:26:05.000
OR-C000372,Abena,Mensah,1978-01-20,Ghanaian,Professional,+233396798861,abena.mensah3902@example.test,2023-07-12 10:42:04.000
OR-C000373,Kwame,Adjei,1976-03-17,Ghanaian,Trader,+233424197514,kwame.adjei3963@example.test,2024-11-30 12:24:28.000
OR-C000374,Emmanuel,Boateng,1982-12-06,Ghanaian,Teacher,+233457199924,emmanuel.boateng2746@example.test,2023-07-20 09:07:33.000
OR-C000375,Yaa,Appiah,1990-01-09,Ghanaian,Student,+233236634162,yaa.appiah464@example.test,2023-01-28 13:25:03.000
OR-C000376,Kwame,Owusu,1974-10-16,Ghanaian,Professional,+233308694827,kwame.owusu4816@example.test,2025-02-18 15:16:50.000
OR-C000377,Ama,Arthur,1980-06-27,Ghanaian,Driver,+233276875517,ama.arthur4513@example.test,2024-11-08 10:10:58.000
OR-C000378,Nana,Mensah,1992-09-24,Ghanaian,Teacher,+233422414889,nana.mensah7093@example.test,2024-01-31 13:38:42.000
OR-C000379,Kwabena,Arthur,1961-02-16,Ghanaian,Teacher,+233471424073,kwabena.arthur1757@example.test,2023-09-20 17:05:45.000
OR-C000380,Adwoa,Adjei,2001-09-06,Ghanaian,Professional,+233464276773,adwoa.adjei2550@example.test,2023-07-12 15:46:51.000
OR-C000381,Mavis,Asare,1974-04-04,Ghanaian,Farmer,+233316716162,mavis.asare9290@example.test,2024-03-04 16:02:24.000
OR-C000382,Kwame,Appiah,1995-04-08,Ghanaian,Self Employed,+233328690966,kwame.appiah5668@example.test,2023-11-08 08:29:52.000
OR-C000383,Mary,Darko,1973-09-13,Ghanaian,Farmer,+233537069427,mary.darko7686@example.test,2023-01-13 09:39:19.000
OR-C000384,Ama,Darko,2001-11-07,Ghanaian,Trader,+233334159981,ama.darko9959@example.test,2023-10-11 10:11:03.000
OR-C000385,Fiifi,Boateng,2001-07-02,Ghanaian,Professional,+233374396100,fiifi.boateng819@example.test,2025-05-13 10:19:04.000
OR-C000386,Adwoa,Adjei,1974-04-26,Ghanaian,Self Employed,+233479988568,adwoa.adjei4089@example.test,2025-03-19 14:07:10.000
OR-C000387,Kwabena,Darko,1986-02-18,Ghanaian,Other,+233389807188,kwabena.darko5114@example.test,2024-07-20 11:59:49.000
OR-C000388,Afia,Amoah,1977-08-06,Ghanaian,Farmer,+233560719879,afia.amoah1039@example.test,2024-04-12 16:33:41.000
OR-C000389,Kwabena,Appiah,1998-09-24,Ghanaian,Farmer,+233509796541,kwabena.appiah2027@example.test,2023-09-30 15:11:47.000
OR-C000390,Efua,Arthur,1964-08-09,Ghanaian,Artisan,+233207523783,efua.arthur575@example.test,2023-04-03 12:43:59.000
OR-C000391,Adwoa,Amoah,2000-02-26,Ghanaian,Artisan,+233458430719,adwoa.amoah2551@example.test,2024-04-22 14:21:23.000
OR-C000392,Esi,Amoah,1981-08-02,Ghanaian,Public Servant,+233374001500,esi.amoah4584@example.test,2024-01-01 13:14:58.000
OR-C000393,Daniel,Boateng,1972-07-20,Ghanaian,Artisan,+233327137822,daniel.boateng6178@example.test,2025-06-06 08:33:27.000
OR-C000394,Mary,Quaye,1993-09-13,Ghanaian,Trader,+233284072768,mary.quaye2924@example.test,2023-04-01 10:25:50.000
OR-C000395,Yaa,Quaye,1962-05-01,Ghanaian,Teacher,+233380618066,yaa.quaye1109@example.test,2023-03-07 13:23:16.000
OR-C000396,Michael,Darko,1969-06-08,Ghanaian,Professional,+233505376591,michael.darko3393@example.test,2023-01-12 10:43:31.000
OR-C000397,Emmanuel,Asare,1968-06-05,Ghanaian,Teacher,+233510271085,emmanuel.asare2735@example.test,2024-05-08 17:52:08.000
OR-C000398,Kwadwo,Osei,1989-10-25,Ghanaian,Artisan,+233254621810,kwadwo.osei6072@example.test,2023-01-28 18:28:08.000
OR-C000399,Akosua,Appiah,1986-07-23,Ghanaian,Professional,+233502695573,akosua.appiah5478@example.test,2024-03-18 16:51:31.000
OR-C000400,Grace,Mensah,1965-04-23,Ghanaian,Other,+233458148328,grace.mensah8963@example.test,2024-03-02 17:34:22.000
OR-C000401,Emmanuel,Arthur,1962-10-25,Ghanaian,Farmer,+233476711993,emmanuel.arthur1319@example.test,2024-03-22 17:56:17.000
OR-C000402,Akosua,Darko,1966-11-06,Ghanaian,Health Worker,+233532125933,akosua.darko7082@example.test,2025-06-10 14:09:22.000
OR-C000403,Kwadwo,Agyeman,1974-09-21,Ghanaian,Other,+233445516976,kwadwo.agyeman4075@example.test,2025-01-06 09:36:52.000
OR-C000404,Esi,Boateng,1978-05-11,Ghanaian,Driver,+233398764168,esi.boateng1634@example.test,2023-07-25 17:52:29.000
OR-C000405,Afia,Amoah,1982-03-11,Ghanaian,Artisan,+233327174042,afia.amoah9554@example.test,2023-08-12 17:57:17.000
OR-C000406,Esi,Osei,1997-06-12,Ghanaian,Other,+233258903077,esi.osei9347@example.test,2023-08-24 13:16:52.000
OR-C000407,Daniel,Darko,1967-09-19,Ghanaian,Artisan,+233223751752,daniel.darko6474@example.test,2024-03-17 15:21:15.000
OR-C000408,Mary,Quaye,1980-08-24,Ghanaian,Farmer,+233241011904,mary.quaye3554@example.test,2024-09-15 08:59:03.000
OR-C000409,Akosua,Arthur,2000-07-18,Ghanaian,Trader,+233456973087,akosua.arthur7678@example.test,2025-06-16 10:27:52.000
OR-C000410,Fiifi,Boateng,2003-06-23,Ghanaian,Self Employed,+233357574480,fiifi.boateng6402@example.test,2023-11-25 12:58:26.000
OR-C000411,Samuel,Asare,1963-09-27,Ghanaian,Trader,+233301380181,samuel.asare3088@example.test,2023-11-17 14:41:54.000
OR-C000412,Angela,Asare,1977-01-04,Ghanaian,Artisan,+233425980971,angela.asare6251@example.test,2024-07-03 08:18:36.000
OR-C000413,Samuel,Arthur,2001-07-21,Ghanaian,Professional,+233489846442,samuel.arthur9051@example.test,2024-04-21 09:35:03.000
OR-C000414,Adwoa,Amoah,1976-11-23,Ghanaian,Artisan,+233434621459,adwoa.amoah4177@example.test,2023-10-10 14:26:44.000
OR-C000415,Kofi,Arthur,1965-11-27,Ghanaian,Professional,+233266224646,kofi.arthur8727@example.test,2024-06-10 15:46:05.000
OR-C000416,Kwadwo,Appiah,1966-03-20,Ghanaian,Teacher,+233202864426,kwadwo.appiah9271@example.test,2024-11-02 11:21:08.000
OR-C000417,Kwame,Amoah,1962-10-03,Ghanaian,Farmer,+233435428467,kwame.amoah4913@example.test,2025-01-19 16:30:26.000
OR-C000418,Kojo,Asare,1971-07-12,Ghanaian,Trader,+233205874882,kojo.asare7983@example.test,2024-12-02 18:04:00.000
OR-C000419,Kofi,Owusu,1962-08-20,Ghanaian,Teacher,+233549367792,kofi.owusu7794@example.test,2023-08-15 10:58:25.000
OR-C000420,Michael,Osei,1982-02-28,Ghanaian,Professional,+233281437086,michael.osei256@example.test,2023-03-18 12:41:23.000
OR-C000421,Michael,Darko,1973-03-17,Ghanaian,Artisan,+233232995009,michael.darko3121@example.test,2023-10-06 09:54:48.000
OR-C000422,Efua,Quaye,1998-08-02,Ghanaian,Health Worker,+233451677241,efua.quaye1396@example.test,2023-11-02 11:54:01.000
OR-C000423,Ama,Darko,1997-07-27,Ghanaian,Public Servant,+233566045199,ama.darko7411@example.test,2025-01-19 11:16:25.000
OR-C000424,Abena,Asare,1971-01-11,Ghanaian,Farmer,+233481544137,abena.asare7357@example.test,2025-03-11 17:37:55.000
OR-C000425,Abena,Owusu,1981-10-01,Ghanaian,Trader,+233350994575,abena.owusu7182@example.test,2023-01-13 18:41:14.000
OR-C000426,Akosua,Arthur,2001-11-13,Ghanaian,Farmer,+233416880866,akosua.arthur2091@example.test,2024-10-27 16:31:47.000
OR-C000427,Kojo,Amoah,1991-08-27,Ghanaian,Trader,+233574448524,kojo.amoah2165@example.test,2024-03-07 16:00:05.000
OR-C000428,Michael,Arthur,1996-07-04,Ghanaian,Artisan,+233461800032,michael.arthur9934@example.test,2025-04-26 13:21:14.000
OR-C000429,Ama,Quaye,2003-06-11,Ghanaian,Driver,+233431356410,ama.quaye955@example.test,2023-11-24 12:35:23.000
OR-C000430,Kofi,Osei,2004-08-10,Ghanaian,Trader,+233273990826,kofi.osei7474@example.test,2024-11-05 18:45:33.000
OR-C000431,Efua,Boateng,1966-02-09,Ghanaian,Professional,+233553437184,efua.boateng9793@example.test,2025-05-14 15:52:36.000
OR-C000432,Kojo,Quaye,1996-10-27,Ghanaian,Trader,+233544590889,kojo.quaye8255@example.test,2023-05-22 13:44:25.000
OR-C000433,Yaa,Agyeman,1982-04-15,Ghanaian,Artisan,+233216051016,yaa.agyeman5509@example.test,2024-09-03 14:17:58.000
OR-C000434,Akosua,Darko,1983-04-03,Ghanaian,Other,+233575235089,akosua.darko371@example.test,2023-05-26 16:43:35.000
OR-C000435,Adwoa,Agyeman,1974-07-05,Ghanaian,Student,+233323856108,adwoa.agyeman4537@example.test,2024-06-16 14:37:21.000
OR-C000436,Efua,Mensah,1982-02-19,Ghanaian,Other,+233273478179,efua.mensah8724@example.test,2023-04-16 18:48:43.000
OR-C000437,Samuel,Darko,1987-12-13,Ghanaian,Professional,+233592090771,samuel.darko2339@example.test,2025-02-03 14:02:04.000
OR-C000438,Adwoa,Owusu,2004-06-16,Ghanaian,Health Worker,+233495647951,adwoa.owusu9727@example.test,2024-09-08 11:20:58.000
OR-C000439,Adwoa,Boateng,1992-01-19,Ghanaian,Teacher,+233510296079,adwoa.boateng6133@example.test,2023-11-13 11:44:21.000
OR-C000440,Kwabena,Osei,1995-07-02,Ghanaian,Public Servant,+233465350156,kwabena.osei7398@example.test,2024-11-07 08:11:35.000
OR-C000441,Samuel,Amoah,1960-08-02,Ghanaian,Student,+233530440786,samuel.amoah2746@example.test,2024-04-04 08:39:14.000
OR-C000442,Angela,Mensah,1960-04-20,Ghanaian,Artisan,+233454084119,angela.mensah1380@example.test,2024-07-20 15:52:47.000
OR-C000443,Yaa,Adjei,1992-02-24,Ghanaian,Driver,+233500632182,yaa.adjei5253@example.test,2023-04-09 08:21:55.000
OR-C000444,Michael,Owusu,1966-09-03,Ghanaian,Farmer,+233374581346,michael.owusu369@example.test,2024-12-05 08:09:49.000
OR-C000445,Ama,Arthur,1966-09-26,Ghanaian,Health Worker,+233320003104,ama.arthur6043@example.test,2025-05-21 09:45:54.000
OR-C000446,Grace,Asare,1988-12-26,Ghanaian,Public Servant,+233359228242,grace.asare3967@example.test,2023-12-04 09:16:27.000
OR-C000447,Esi,Appiah,2002-03-25,Ghanaian,Self Employed,+233410472909,esi.appiah3284@example.test,2023-03-10 17:24:34.000
OR-C000448,Fiifi,Asare,1975-12-25,Ghanaian,Artisan,+233473771303,fiifi.asare6836@example.test,2023-01-09 14:50:10.000
OR-C000449,Samuel,Adjei,1981-07-05,Ghanaian,Trader,+233473839782,samuel.adjei576@example.test,2024-10-18 18:47:52.000
OR-C000450,Mary,Darko,1970-10-22,Ghanaian,Artisan,+233318879240,mary.darko3760@example.test,2025-01-23 14:14:39.000
OR-C000451,Esi,Agyeman,1969-01-15,Ghanaian,Health Worker,+233573732124,esi.agyeman5981@example.test,2024-05-03 13:38:52.000
OR-C000452,Kwabena,Asare,1985-06-23,Ghanaian,Professional,+233442371283,kwabena.asare5086@example.test,2024-01-08 11:06:53.000
OR-C000453,Mary,Amoah,1966-02-17,Ghanaian,Trader,+233296091750,mary.amoah7280@example.test,2023-11-19 18:23:54.000
OR-C000454,Michael,Osei,1967-01-01,Ghanaian,Self Employed,+233201447810,michael.osei4665@example.test,2024-05-28 15:59:45.000
OR-C000455,Abena,Boateng,1999-07-15,Ghanaian,Health Worker,+233307180270,abena.boateng9580@example.test,2025-06-07 08:32:33.000
OR-C000456,Kwadwo,Mensah,1965-12-21,Ghanaian,Self Employed,+233576842498,kwadwo.mensah4565@example.test,2023-09-03 10:21:23.000
OR-C000457,Kojo,Owusu,1993-09-19,Ghanaian,Other,+233295347139,kojo.owusu452@example.test,2025-06-17 17:50:23.000
OR-C000458,Akosua,Boateng,1992-12-22,Ghanaian,Public Servant,+233297398334,akosua.boateng4400@example.test,2023-09-19 10:42:59.000
OR-C000459,Kojo,Adjei,1967-04-02,Ghanaian,Driver,+233364598714,kojo.adjei1037@example.test,2024-06-01 15:15:39.000
OR-C000460,Adwoa,Owusu,2000-07-18,Ghanaian,Professional,+233462947178,adwoa.owusu3286@example.test,2024-05-18 09:55:41.000
OR-C000461,Daniel,Quaye,2002-02-01,Ghanaian,Artisan,+233402997074,daniel.quaye8621@example.test,2024-11-23 09:22:43.000
OR-C000462,Emmanuel,Quaye,1990-05-12,Ghanaian,Driver,+233583176782,emmanuel.quaye661@example.test,2024-04-08 10:56:44.000
OR-C000463,Kwadwo,Arthur,1995-01-20,Ghanaian,Health Worker,+233399538667,kwadwo.arthur9573@example.test,2025-03-13 09:13:49.000
OR-C000464,Mary,Darko,1971-08-17,Ghanaian,Professional,+233344476841,mary.darko4925@example.test,2023-11-20 18:23:40.000
OR-C000465,Abena,Asare,1995-08-13,Ghanaian,Health Worker,+233343022731,abena.asare4132@example.test,2023-08-07 17:36:33.000
OR-C000466,Fiifi,Boateng,1964-01-27,Ghanaian,Self Employed,+233293970716,fiifi.boateng3616@example.test,2024-04-13 11:44:35.000
OR-C000467,Mary,Agyeman,1988-01-15,Ghanaian,Professional,+233373434905,mary.agyeman6900@example.test,2023-04-08 14:30:02.000
OR-C000468,Angela,Arthur,1960-03-01,Ghanaian,Farmer,+233399770726,angela.arthur2773@example.test,2024-09-08 12:48:09.000
OR-C000469,Kojo,Arthur,1984-04-03,Ghanaian,Artisan,+233311164974,kojo.arthur9961@example.test,2023-11-19 15:43:06.000
OR-C000470,Ama,Osei,1993-07-07,Ghanaian,Public Servant,+233339226954,ama.osei2439@example.test,2024-12-23 13:50:15.000
OR-C000471,Esi,Quaye,1978-02-14,Ghanaian,Farmer,+233518596211,esi.quaye720@example.test,2023-06-28 10:27:06.000
OR-C000472,Emmanuel,Arthur,1962-03-25,Ghanaian,Professional,+233553982537,emmanuel.arthur2510@example.test,2025-02-28 08:31:43.000
OR-C000473,Mavis,Appiah,1967-06-12,Ghanaian,Self Employed,+233360201713,mavis.appiah9239@example.test,2024-03-07 09:33:15.000
OR-C000474,Afia,Agyeman,1962-03-28,Ghanaian,Teacher,+233458810663,afia.agyeman7718@example.test,2024-07-27 10:37:05.000
OR-C000475,Afia,Agyeman,1973-05-28,Ghanaian,Health Worker,+233386556602,afia.agyeman7566@example.test,2024-05-19 11:46:08.000
OR-C000476,Kojo,Quaye,1978-06-18,Ghanaian,Artisan,+233589912305,kojo.quaye4113@example.test,2023-05-01 12:37:14.000
OR-C000477,Kwabena,Boateng,2002-09-13,Ghanaian,Professional,+233318814293,kwabena.boateng7261@example.test,2023-12-02 14:26:28.000
OR-C000478,Kofi,Quaye,1980-06-25,Ghanaian,Trader,+233553827924,kofi.quaye7011@example.test,2023-06-22 09:20:22.000
OR-C000479,Kwame,Asare,1976-04-28,Ghanaian,Farmer,+233353176510,kwame.asare9469@example.test,2023-10-23 09:16:16.000
OR-C000480,Yaa,Agyeman,2004-11-12,Ghanaian,Driver,+233427701600,yaa.agyeman1802@example.test,2024-12-12 13:31:20.000
OR-C000481,Michael,Quaye,1996-04-02,Ghanaian,Public Servant,+233472581315,michael.quaye1943@example.test,2024-02-03 09:41:15.000
OR-C000482,Afia,Quaye,1966-03-28,Ghanaian,Professional,+233309626610,afia.quaye708@example.test,2023-05-13 09:15:05.000
OR-C000483,Grace,Darko,1994-06-12,Ghanaian,Teacher,+233413701144,grace.darko6958@example.test,2024-10-12 16:51:53.000
OR-C000484,Mary,Appiah,1985-11-19,Ghanaian,Professional,+233504747016,mary.appiah3446@example.test,2023-11-06 12:48:49.000
OR-C000485,Akosua,Mensah,1986-05-05,Ghanaian,Student,+233499700597,akosua.mensah7986@example.test,2024-10-22 08:12:05.000
OR-C000486,Afia,Darko,1988-11-08,Ghanaian,Driver,+233505254279,afia.darko9462@example.test,2023-03-11 08:47:20.000
OR-C000487,Kojo,Adjei,1984-09-19,Ghanaian,Farmer,+233298676153,kojo.adjei5029@example.test,2024-02-21 13:12:12.000
OR-C000488,Kwame,Amoah,1967-07-06,Ghanaian,Other,+233268811053,kwame.amoah9973@example.test,2024-07-20 18:17:12.000
OR-C000489,Kojo,Quaye,1962-01-28,Ghanaian,Driver,+233484164627,kojo.quaye8243@example.test,2025-01-12 18:32:09.000
OR-C000490,Fiifi,Agyeman,1978-09-01,Ghanaian,Student,+233288847261,fiifi.agyeman709@example.test,2023-05-06 17:21:15.000
OR-C000491,Akosua,Amoah,1960-06-07,Ghanaian,Student,+233244656639,akosua.amoah497@example.test,2024-05-11 11:07:24.000
OR-C000492,Fiifi,Adjei,1970-09-01,Ghanaian,Trader,+233476394140,fiifi.adjei9511@example.test,2024-01-23 14:59:02.000
OR-C000493,Nana,Adjei,2002-05-08,Ghanaian,Driver,+233270522701,nana.adjei6598@example.test,2024-09-12 09:43:46.000
OR-C000494,Grace,Quaye,1974-10-07,Ghanaian,Artisan,+233340545121,grace.quaye1202@example.test,2023-12-08 18:13:17.000
OR-C000495,Emmanuel,Arthur,1962-12-26,Ghanaian,Self Employed,+233309658915,emmanuel.arthur4162@example.test,2024-08-10 18:52:28.000
OR-C000496,Yaw,Amoah,1961-06-15,Ghanaian,Teacher,+233481217387,yaw.amoah4563@example.test,2024-08-04 18:08:25.000
OR-C000497,Mary,Quaye,1979-11-05,Ghanaian,Professional,+233347233534,mary.quaye1805@example.test,2024-09-17 09:51:44.000
OR-C000498,Angela,Osei,1973-08-15,Ghanaian,Health Worker,+233430847473,angela.osei7263@example.test,2024-10-25 11:42:35.000
OR-C000499,Emmanuel,Adjei,1987-03-28,Ghanaian,Professional,+233216187590,emmanuel.adjei5746@example.test,2024-10-07 17:02:39.000
OR-C000500,Kojo,Owusu,1990-03-28,Ghanaian,Public Servant,+233420053741,kojo.owusu7631@example.test,2023-06-23 08:08:55.000
